name,diameter,coordinates,approval year,gender, famous_for,ethnicity,human_name,,continent
Abu Nuwas,17°38′N 21°11′W﻿ / ﻿17.63°N 21.19°W﻿ / 17.63; -21.19﻿ (Abu Nuwas),117,1976,Male,poet,Iran,Abu Nuwas,Abu Nuwas,Asia
Africanus Horton,50°58′S 41°11′W﻿ / ﻿50.96°S 41.19°W﻿ / -50.96; -41.19﻿ (Africanus Horton),140,1976,Male,writer,Sierra Leone ,Africanus Horton,Africanus Horton,Africa
Al-Jāhiz,1°22′N 21°46′W﻿ / ﻿1.36°N 21.76°W﻿ / 1.36; -21.76﻿ (Al-Jāhiz),83,1976,Male,author,Arabian,Al-Jahiz,Al-Jahiz,Asia
Amru Al-Qays,12°26′N 176°07′W﻿ / ﻿12.43°N 176.11°W﻿ / 12.43; -176.11﻿ (Amru Al-Qays),47,1976,Male,poet,Arabian ,Imru Al-Qays Ibn Hujr,Imru Al-Qays Ibn Hujr,Asia
Andal,47°31′S 37°43′W﻿ / ﻿47.52°S 37.71°W﻿ / -47.52; -37.71﻿ (Andal),109,1976,Female,writer,India ,Aandaal,Aandaal,Asia
Aśvaghoṣa,10°37′N 21°29′W﻿ / ﻿10.61°N 21.49°W﻿ / 10.61; -21.49﻿ (Aśvaghoṣa),88,1976,Male,poet,India ,Aśvaghoṣa,Aśvaghoṣa,Asia
Bach,69°52′S 103°01′W﻿ / ﻿69.86°S 103.01°W﻿ / -69.86; -103.01﻿ (Bach),214.29,1976,Male,composer,Germany ,Johann Sebastian Bach,Johann Sebastian Bach,Europe
Balagtas,22°34′S 13°54′W﻿ / ﻿22.56°S 13.9°W﻿ / -22.56; -13.9﻿ (Balagtas),104,1976,Male,poet,Philippines ,Francisco Balagtas,Francisco Balagtas,Asia
Balzac,10°37′N 144°40′W﻿ / ﻿10.62°N 144.67°W﻿ / 10.62; -144.67﻿ (Balzac),67,1976,Male,writer,France,Honoré de Balzac,Honoré de Balzac,Europe
Beethoven,20°52′S 124°13′W﻿ / ﻿20.86°S 124.21°W﻿ / -20.86; -124.21﻿ (Beethoven),630,1976,Male,composer,Germany ,Ludwig van Beethoven,Ludwig van Beethoven,Europe
Bello,18°52′S 120°11′W﻿ / ﻿18.87°S 120.18°W﻿ / -18.87; -120.18﻿ (Bello),139,1976,Male,writer,Venezuela,Andrés Bello,Andrés Bello,South America
Bernini,80°19′S 140°58′W﻿ / ﻿80.32°S 140.97°W﻿ / -80.32; -140.97﻿ (Bernini),168.13,1976,Male,sculptor,Italy ,Gian Lorenzo Bernini,Gian Lorenzo Bernini,Europe
Boccaccio,80°59′S 23°01′W﻿ / ﻿80.99°S 23.01°W﻿ / -80.99; -23.01﻿ (Boccaccio),151.95,1976,Male,writer,Italy ,Giovanni Boccaccio,Giovanni Boccaccio,Europe
Boethius,0°59′S 73°38′W﻿ / ﻿0.98°S 73.64°W﻿ / -0.98; -73.64﻿ (Boethius),114,1976,Male,philosopher,Romania,Anicius Manlius Severinus Boethius,Anicius Manlius Severinus Boethius,Europe
Bramante,47°14′S 61°33′W﻿ / ﻿47.23°S 61.55°W﻿ / -47.23; -61.55﻿ (Bramante),156,1976,Male,architect,Italy,Donato Bramante,Donato Bramante,Europe
Brontë,38°23′N 127°04′W﻿ / ﻿38.39°N 127.06°W﻿ / 38.39; -127.06﻿ (Brontë),68,1976,Mixed,writer,England ,The Brontë family,The Brontë family,Europe
Brunelleschi,8°56′S 22°31′W﻿ / ﻿8.94°S 22.51°W﻿ / -8.94; -22.51﻿ (Brunelleschi),128.57,1976,Male,architect,Italy ,Filippo Brunelleschi,Filippo Brunelleschi,Europe
Byron,8°26′S 33°00′W﻿ / ﻿8.44°S 33°W﻿ / -8.44; -33﻿ (Byron),106.58,1976,Male,poet,England,Lord Byron,Lord Byron,Europe
Callicrates,66°31′S 30°22′W﻿ / ﻿66.51°S 30.37°W﻿ / -66.51; -30.37﻿ (Callicrates),68,1976,Male,architect,Greek,Kallicrates,Kallicrates,Europe
Camões,71°25′S 68°23′W﻿ / ﻿71.42°S 68.39°W﻿ / -71.42; -68.39﻿ (Camões),70,1976,Male,writer,Portugal,Luís de Camões,Luís de Camões,Europe
Carducci,36°32′S 90°23′W﻿ / ﻿36.54°S 90.39°W﻿ / -36.54; -90.39﻿ (Carducci),108.19,1976,Male,poet,Italy ,Giosuè Carducci,Giosuè Carducci,Europe
Cervantes,76°05′S 124°16′W﻿ / ﻿76.09°S 124.26°W﻿ / -76.09; -124.26﻿ (Cervantes),213.16,1976,Male,writer,Spain,Miguel de Cervantes,Miguel de Cervantes,Europe
Chaikovskij,7°52′N 50°56′W﻿ / ﻿7.86°N 50.93°W﻿ / 7.86; -50.93﻿ (Chaikovskij),171,1976,Male,composer,Russia ,Pyotr Ilyich Tchaikovsky,Pyotr Ilyich Tchaikovsky,Europe/Asia
Chao Meng-Fu,88°25′S 156°22′W﻿ / ﻿88.42°S 156.36°W﻿ / -88.42; -156.36﻿ (Chao Meng-Fu),140.73,1976,Male,artist,China ,Zhao Mengfu,Zhao Mengfu,Asia
Chekhov,36°12′S 61°14′W﻿ / ﻿36.2°S 61.23°W﻿ / -36.2; -61.23﻿ (Chekhov),194,1976,Male,playwright,Russia,Anton Chekhov,Anton Chekhov,Europe/Asia
Chiang Kʻui,14°43′N 102°48′W﻿ / ﻿14.71°N 102.8°W﻿ / 14.71; -102.8﻿ (Chiang Kʻui),41,1976,Male,poet,China ,Jiang Kui,Jiang Kui,Asia
Chopin,65°27′S 123°24′W﻿ / ﻿65.45°S 123.4°W﻿ / -65.45; -123.4﻿ (Chopin),131,1976,Male,composer,Poland ,Frédéric Chopin,Frédéric Chopin,Europe
Chu Ta,2°02′N 105°40′W﻿ / ﻿2.04°N 105.66°W﻿ / 2.04; -105.66﻿ (Chu Ta),100,1976,Male,painter,China ,Zhu Da,Zhu Da,Asia
Coleridge,55°40′S 66°36′W﻿ / ﻿55.67°S 66.6°W﻿ / -55.67; -66.6﻿ (Coleridge),112,1976,Male,poet,England ,Samuel Taylor Coleridge,Samuel Taylor Coleridge,Europe
Copley,38°38′S 86°01′W﻿ / ﻿38.63°S 86.01°W﻿ / -38.63; -86.01﻿ (Copley),34,1976,Male,painter,United States ,John Singleton Copley,John Singleton Copley,North America
Darío,26°17′S 9°31′W﻿ / ﻿26.28°S 9.51°W﻿ / -26.28; -9.51﻿ (Darío),151,1976,Male,writer,Nicaragua ,Rubén Darío,Rubén Darío,North America
Dickens,73°16′S 155°58′W﻿ / ﻿73.26°S 155.96°W﻿ / -73.26; -155.96﻿ (Dickens),77.31,1976,Male,novelist,England ,Charles Dickens,Charles Dickens,Europe
Donne,2°55′N 14°03′W﻿ / ﻿2.92°N 14.05°W﻿ / 2.92; -14.05﻿ (Donne),86,1976,Male,poet,England,John Donne,John Donne,Europe
Dürer,21°31′N 118°59′W﻿ / ﻿21.51°N 118.98°W﻿ / 21.51; -118.98﻿ (Dürer),195,1976,Male,artist,Germany,Albrecht Dürer,Albrecht Dürer,Europe
Dvorák,9°24′S 12°08′W﻿ / ﻿9.4°S 12.13°W﻿ / -9.4; -12.13﻿ (Dvorák),75,1976,Male,composer,Czechoslovakia,Antonín Dvořák,Antonín Dvořák,Europe
Eitoku,21°48′S 157°11′W﻿ / ﻿21.8°S 157.18°W﻿ / -21.8; -157.18﻿ (Eitoku),101,1976,Male,artist,Japan ,Kanō Eitoku,Kanō Eitoku,Asia
Equiano,40°00′S 30°35′W﻿ / ﻿40°S 30.59°W﻿ / -40; -30.59﻿ (Equiano),102,1976,Male,writer,Benin ,Olaudah Equiano,Olaudah Equiano,Africa
Futabatei,16°03′S 83°31′W﻿ / ﻿16.05°S 83.52°W﻿ / -16.05; -83.52﻿ (Futabatei),57,1976,Male,author,Japan,Futabatei Shimei,Futabatei Shimei,Asia
Ghiberti,48°33′S 80°09′W﻿ / ﻿48.55°S 80.15°W﻿ / -48.55; -80.15﻿ (Ghiberti),110,1976,Male,sculptor,Italy ,Lorenzo Ghiberti,Lorenzo Ghiberti,Europe
Giotto,12°28′N 56°29′W﻿ / ﻿12.46°N 56.48°W﻿ / 12.46; -56.48﻿ (Giotto),144,1976,Male,painter,Italy,Giotto di Bondone,Giotto di Bondone,Europe
Goya,6°47′S 152°17′W﻿ / ﻿6.79°S 152.29°W﻿ / -6.79; -152.29﻿ (Goya),138,1976,Male,artist,Spain ,Francisco Goya,Francisco Goya,Europe
Guido d'Arezzo,38°25′S 18°32′W﻿ / ﻿38.41°S 18.53°W﻿ / -38.41; -18.53﻿ (Guido d'Arezzo),58,1976,Male,music theorist,Italy ,Guido of Arezzo,Guido of Arezzo,Europe
Handel,3°32′N 34°23′W﻿ / ﻿3.53°N 34.38°W﻿ / 3.53; -34.38﻿ (Handel),138,1976,Male,composer,Germany,George Frideric Handel,George Frideric Handel,Europe
Harunobu,14°53′N 140°56′W﻿ / ﻿14.88°N 140.93°W﻿ / 14.88; -140.93﻿ (Harunobu),107,1976,Male,artist,Japan ,Suzuki Harunobu,Suzuki Harunobu,Asia
Haydn,27°13′S 71°38′W﻿ / ﻿27.22°S 71.64°W﻿ / -27.22; -71.64﻿ (Haydn),251,1976,Male,composer,Austria ,Joseph Haydn,Joseph Haydn,Europe
Hesiod,58°16′S 34°15′W﻿ / ﻿58.27°S 34.25°W﻿ / -58.27; -34.25﻿ (Hesiod),101,1976,Male,poet,Greek ,Hesiod,Hesiod,Europe
Hiroshige,13°20′S 26°58′W﻿ / ﻿13.34°S 26.96°W﻿ / -13.34; -26.96﻿ (Hiroshige),138,1976,Male,artist,Japan ,Andō Hiroshige,Andō Hiroshige,Asia
Hitomaro,16°04′S 15°39′W﻿ / ﻿16.07°S 15.65°W﻿ / -16.07; -15.65﻿ (Hitomaro),105,1976,Male,poet,Japan ,Kakinomoto no Hitomaro,Kakinomoto no Hitomaro,Asia
Holberg,67°22′S 59°34′W﻿ / ﻿67.37°S 59.57°W﻿ / -67.37; -59.57﻿ (Holberg),64,1976,Male,writer,Norway,Ludvig Holberg,Ludvig Holberg,Europe
Homer,1°18′S 36°37′W﻿ / ﻿1.3°S 36.62°W﻿ / -1.3; -36.62﻿ (Homer),319,1976,Male,poet,Greek,Homer,Homer,Europe
Horace,69°20′S 50°01′W﻿ / ﻿69.34°S 50.02°W﻿ / -69.34; -50.02﻿ (Horace),56,1976,Male,poet,Italy,Horace,Horace,Europe
Hun Kal,0°28′S 19°56′W﻿ / ﻿0.47°S 19.93°W﻿ / -0.47; -19.93﻿ (Hun Kal),0.93,1976,Not,,Mayan Language,20' in the language of the Maya (serves as Mercury's a meridian reference point),Hun Kal,North America
Ibsen,24°21′S 35°53′W﻿ / ﻿24.35°S 35.89°W﻿ / -24.35; -35.89﻿ (Ibsen),159,1976,Male,playwright,Norway,Henrik Ibsen,Henrik Ibsen,Europe
Ictinus,79°34′S 174°14′W﻿ / ﻿79.56°S 174.24°W﻿ / -79.56; -174.24﻿ (Ictinus),58.03,1976,Male,architect,Greek ,Iktinos,Iktinos,Europe
Imhotep,17°58′S 37°29′W﻿ / ﻿17.97°S 37.48°W﻿ / -17.97; -37.48﻿ (Imhotep),159,1976,Male,architect,Egypt ,Imhotep,Imhotep,Africa
Judah Ha-Levi,10°47′N 108°01′W﻿ / ﻿10.79°N 108.01°W﻿ / 10.79; -108.01﻿ (Judah Ha-Levi),85,1976,Male,writer,Al-Andalus (Spain),Yehuda Halevi,Yehuda Halevi,Europe
Kālidāsā,18°13′S 179°49′W﻿ / ﻿18.21°S 179.82°W﻿ / -18.21; -179.82﻿ (Kālidāsā),160,1976,Male,writer,India ,Kālidāsa,Kālidāsa,Asia
Keats,70°19′S 156°39′W﻿ / ﻿70.31°S 156.65°W﻿ / -70.31; -156.65﻿ (Keats),107.85,1976,Male,poet,England ,John Keats,John Keats,Europe
Kenkō,21°21′S 16°10′W﻿ / ﻿21.35°S 16.16°W﻿ / -21.35; -16.16﻿ (Kenkō),105,1976,Male,writer,Japan,Yoshida Kenkō,Yoshida Kenkō,Asia
Khansa,58°57′S 51°56′W﻿ / ﻿58.95°S 51.94°W﻿ / -58.95; -51.94﻿ (Khansa),113,1976,Female,poet,Arabian ,Al-Khansa,Al-Khansa,Asia
Kuiper,11°20′S 31°19′W﻿ / ﻿11.34°S 31.32°W﻿ / -11.34; -31.32﻿ (Kuiper),62,1976,Male,astronomer,United States ,Gerard Kuiper,Gerard Kuiper,North America
Kurosawa,52°26′S 21°29′W﻿ / ﻿52.44°S 21.49°W﻿ / -52.44; -21.49﻿ (Kurosawa),152,1976,Male,musician,Japan ,Kinko Kurosawa,Kinko Kurosawa,Asia
Leopardi,72°46′S 175°10′E﻿ / ﻿72.76°S 175.16°E﻿ / -72.76; 175.16﻿ (Leopardi),71.45,1976,Male,writer,Italy ,Giacomo Leopardi,Giacomo Leopardi,Europe
Lermontov,15°14′N 48°56′W﻿ / ﻿15.24°N 48.94°W﻿ / 15.24; -48.94﻿ (Lermontov),166,1976,Male,writer,Russia ,Mikhail Lermontov,Mikhail Lermontov,Europe/Asia
Li Chʻing-Chao,77°58′S 71°10′W﻿ / ﻿77.96°S 71.17°W﻿ / -77.96; -71.17﻿ (Li Chʻing-Chao),69,1976,Female,writer,China ,Li Qingzhao,Li Qingzhao,Asia
Li Po,17°06′N 35°41′W﻿ / ﻿17.1°N 35.69°W﻿ / 17.1; -35.69﻿ (Li Po),126,1976,Male,poet,China,Li Bai,Li Bai,Asia
Lu Hsun,0°01′S 23°46′W﻿ / ﻿0.01°S 23.76°W﻿ / -0.01; -23.76﻿ (Lu Hsun),96,1976,Male,writer,China ,Lu Xun,Lu Xun,Asia
Lysippus,1°02′N 132°45′W﻿ / ﻿1.03°N 132.75°W﻿ / 1.03; -132.75﻿ (Lysippus),155,1976,Male,sculptor,Greek ,Lysippos,Lysippos,Europe
Ma Chih-Yuan,60°01′S 78°01′W﻿ / ﻿60.01°S 78.01°W﻿ / -60.01; -78.01﻿ (Ma Chih-Yuan),197,1976,Male,writer,China,Ma Zhiyuan,Ma Zhiyuan,Asia
Machaut,2°03′S 82°22′W﻿ / ﻿2.05°S 82.37°W﻿ / -2.05; -82.37﻿ (Machaut),104,1976,Male,poet,France ,Guillaume de Machaut,Guillaume de Machaut,Europe
Mahler,19°41′S 18°49′W﻿ / ﻿19.68°S 18.82°W﻿ / -19.68; -18.82﻿ (Mahler),104,1976,Male,composer,Austria ,Gustav Mahler,Gustav Mahler,Europe
Mark Twain,10°55′S 138°17′W﻿ / ﻿10.91°S 138.28°W﻿ / -10.91; -138.28﻿ (Mark Twain),142,1976,Male,novelist,United States,Mark Twain,Mark Twain,North America
Martí,75°58′S 168°16′W﻿ / ﻿75.96°S 168.26°W﻿ / -75.96; -168.26﻿ (Martí),69.48,1976,Male,writer,Cuba ,José Martí,José Martí,North America
Matisse,23°50′S 90°03′W﻿ / ﻿23.83°S 90.05°W﻿ / -23.83; -90.05﻿ (Matisse),189.04,1976,Male,painter,France ,Henri Matisse,Henri Matisse,Europe
Melville,22°01′N 9°53′W﻿ / ﻿22.01°N 9.89°W﻿ / 22.01; -9.89﻿ (Melville),146,1976,Male,novelist,United States,Herman Melville,Herman Melville,North America
Mena,0°10′S 124°44′W﻿ / ﻿0.17°S 124.73°W﻿ / -0.17; -124.73﻿ (Mena),15,1976,Male,poet,Spain,Juan de Mena,Juan de Mena,Europe
Mendes Pinto,61°39′S 17°34′W﻿ / ﻿61.65°S 17.57°W﻿ / -61.65; -17.57﻿ (Mendes Pinto),192,1976,Male,writer,Portugal ,Fernão Mendes Pinto,Fernão Mendes Pinto,Europe
Mickiewicz,23°09′N 103°14′W﻿ / ﻿23.15°N 103.23°W﻿ / 23.15; -103.23﻿ (Mickiewicz),103,1976,Male,writer,Poland ,Adam Mickiewicz,Adam Mickiewicz,Europe
Milton,26°06′S 175°02′W﻿ / ﻿26.1°S 175.03°W﻿ / -26.1; -175.03﻿ (Milton),180.85,1976,Male,poet,England,John Milton,John Milton,Europe
Mistral,4°42′N 54°40′W﻿ / ﻿4.7°N 54.67°W﻿ / 4.7; -54.67﻿ (Mistral),102,1976,Female,poet,Chile O,Gabriela Mistral,Gabriela Mistral,South America
Mofolo,37°41′S 28°13′W﻿ / ﻿37.68°S 28.22°W﻿ / -37.68; -28.22﻿ (Mofolo),103,1976,Male,writer,Lesotho,Thomas Mofolo,Thomas Mofolo,Africa
Molière,15°24′N 17°43′W﻿ / ﻿15.4°N 17.71°W﻿ / 15.4; -17.71﻿ (Molière),139,1976,Male,playwright,France ,Molière,Molière,Europe
Mozart,7°45′N 169°25′E﻿ / ﻿7.75°N 169.41°E﻿ / 7.75; 169.41﻿ (Mozart),241,1976,Male,composer,Austria ,Wolfgang Amadeus Mozart,Wolfgang Amadeus Mozart,Europe
Murasaki,12°32′S 30°24′W﻿ / ﻿12.54°S 30.4°W﻿ / -12.54; -30.4﻿ (Murasaki),132,1976,Female,writer,Japan ,Murasaki Shikibu,Murasaki Shikibu,Asia
Nampeyo,40°20′S 49°58′W﻿ / ﻿40.33°S 49.96°W﻿ / -40.33; -49.96﻿ (Nampeyo),49,1976,Female,ceramist,United States,Nampeyo,Nampeyo,North America
Neumann,37°13′S 34°34′W﻿ / ﻿37.22°S 34.56°W﻿ / -37.22; -34.56﻿ (Neumann),122,1976,Male,architect,Germany ,Johann Balthasar Neumann,Johann Balthasar Neumann,Europe
Ovid,69°46′S 20°14′W﻿ / ﻿69.77°S 20.23°W﻿ / -69.77; -20.23﻿ (Ovid),41,1976,Male,poet,Roman ,Ovid,Ovid,Europe
Petrarch,30°31′S 26°17′W﻿ / ﻿30.52°S 26.29°W﻿ / -30.52; -26.29﻿ (Petrarch),167,1976,Male,poet,Italy,Petrarch,Petrarch,Europe
Phidias,8°58′N 149°44′W﻿ / ﻿8.97°N 149.73°W﻿ / 8.97; -149.73﻿ (Phidias),168,1976,Male,artist,Greek ,Phidias,Phidias,Europe
Philoxenus,8°41′S 111°45′W﻿ / ﻿8.68°S 111.75°W﻿ / -8.68; -111.75﻿ (Philoxenus),87,1976,Male,poet,Greek ,Philoxenus of Cythera,Philoxenus of Cythera,Europe
Pigalle,37°39′S 9°38′W﻿ / ﻿37.65°S 9.64°W﻿ / -37.65; -9.64﻿ (Pigalle),153,1976,Male,sculptor,France ,Jean-Baptiste Pigalle,Jean-Baptiste Pigalle,Europe
Po Chü-I,6°56′S 165°17′W﻿ / ﻿6.94°S 165.28°W﻿ / -6.94; -165.28﻿ (Po Chü-I),70,1976,Male,poet,China ,Bai Juyi,Bai Juyi,Asia
Po Ya,45°55′S 20°10′W﻿ / ﻿45.92°S 20.17°W﻿ / -45.92; -20.17﻿ (Po Ya),101,1976,Male,musician,China ,Bo Ya,Bo Ya,Asia
Polygnotus,0°08′S 69°16′W﻿ / ﻿0.13°S 69.26°W﻿ / -0.13; -69.26﻿ (Polygnotus),124,1976,Male,painter,Greek ,Polygnotus,Polygnotus,Europe
Proust,19°34′N 47°35′W﻿ / ﻿19.56°N 47.59°W﻿ / 19.56; -47.59﻿ (Proust),145,1976,Male,novelist,France ,Marcel Proust,Marcel Proust,Europe
Puccini,65°23′S 45°19′W﻿ / ﻿65.39°S 45.32°W﻿ / -65.39; -45.32﻿ (Puccini),76,1976,Male,composer,Italy,Giacomo Puccini,Giacomo Puccini,Europe
Pushkin,65°47′S 20°44′W﻿ / ﻿65.79°S 20.73°W﻿ / -65.79; -20.73﻿ (Pushkin),232,1976,Male,poet,Russia,Alexander Pushkin,Alexander Pushkin,Europe/Asia
Rabelais,60°32′S 61°49′W﻿ / ﻿60.53°S 61.81°W﻿ / -60.53; -61.81﻿ (Rabelais),154,1976,Male,writer,France ,François Rabelais,François Rabelais,Europe
Rajnis,4°22′N 96°13′W﻿ / ﻿4.36°N 96.21°W﻿ / 4.36; -96.21﻿ (Rajnis),80,1976,Male,writer,Latvia,Rainis,Rainis,Europe
Rameau,54°35′S 37°14′W﻿ / ﻿54.58°S 37.24°W﻿ / -54.58; -37.24﻿ (Rameau),58,1976,Male,composer,France ,Jean-Philippe Rameau,Jean-Philippe Rameau,Europe
Raphael,20°25′S 76°21′W﻿ / ﻿20.42°S 76.35°W﻿ / -20.42; -76.35﻿ (Raphael),342,1976,Male,artist,Italy ,Raphael,Raphael,Europe
Renoir,18°20′S 52°01′W﻿ / ﻿18.34°S 52.01°W﻿ / -18.34; -52.01﻿ (Renoir),220,1976,Male,artist,France,Pierre-Auguste Renoir,Pierre-Auguste Renoir,Europe
Repin,19°07′S 63°20′W﻿ / ﻿19.12°S 63.33°W﻿ / -19.12; -63.33﻿ (Repin),95,1976,Male,artist,Russia ,Ilya Yefimovich Repin,Ilya Yefimovich Repin,Europe/Asia
Rilke,44°49′S 12°34′W﻿ / ﻿44.81°S 12.57°W﻿ / -44.81; -12.57﻿ (Rilke),82,1976,Male,poet,Germany ,Rainer Maria Rilke,Rainer Maria Rilke,Europe
Rodin,21°43′N 18°53′W﻿ / ﻿21.72°N 18.89°W﻿ / 21.72; -18.89﻿ (Rodin),230,1976,Male,sculptor,France,Auguste Rodin,Auguste Rodin,Europe
Rublev,15°07′S 157°05′W﻿ / ﻿15.12°S 157.08°W﻿ / -15.12; -157.08﻿ (Rublev),129,1976,Male,painter,Russia ,Andrei Rublev,Andrei Rublev,Europe/Asia
Rūdaki,3°58′S 51°46′W﻿ / ﻿3.97°S 51.76°W﻿ / -3.97; -51.76﻿ (Rūdaki),124,1976,Male,poet,Iran,Rudaki,Rudaki,Asia
Sadī,79°14′S 51°16′W﻿ / ﻿79.24°S 51.26°W﻿ / -79.24; -51.26﻿ (Sadī),66.54,1976,Male,poet,Iran,Saadi,Saadi,Asia
Schoenberg,16°04′S 136°05′W﻿ / ﻿16.06°S 136.08°W﻿ / -16.06; -136.08﻿ (Schoenberg),28,1976,Male,composer,Austria ,Arnold Schoenberg,Arnold Schoenberg,Europe
Schubert,43°13′S 54°16′W﻿ / ﻿43.21°S 54.26°W﻿ / -43.21; -54.26﻿ (Schubert),190,1976,Male,composer,Austria ,Franz Schubert,Franz Schubert,Europe
Scopas,81°16′S 174°43′E﻿ / ﻿81.26°S 174.71°E﻿ / -81.26; 174.71﻿ (Scopas),83.16,1976,Male,sculptor,Greek ,Scopas,Scopas,Europe
Sei,64°37′S 88°35′W﻿ / ﻿64.61°S 88.59°W﻿ / -64.61; -88.59﻿ (Sei),137,1976,Female,writer,Japan,Sei Shōnagon,Sei Shōnagon,Asia
Shevchenko,53°38′S 46°01′W﻿ / ﻿53.64°S 46.02°W﻿ / -53.64; -46.02﻿ (Shevchenko),143,1976,Male,poet,Ukraine ,Taras Shevchenko,Taras Shevchenko,Europe
Sinan,15°28′N 30°35′W﻿ / ﻿15.46°N 30.59°W﻿ / 15.46; -30.59﻿ (Sinan),134,1976,Male,architect,Turkey ,Mimar Sinan,Mimar Sinan,Europe/Asia
Snorri,9°10′S 83°14′W﻿ / ﻿9.17°S 83.24°W﻿ / -9.17; -83.24﻿ (Snorri),21,1976,Male,poet,Iceland ,Snorri Sturluson,Snorri Sturluson,Europe
Sophocles,6°57′S 146°02′W﻿ / ﻿6.95°S 146.04°W﻿ / -6.95; -146.04﻿ (Sophocles),142,1976,Male,playwright,Greek,Sophocles,Sophocles,Europe
Sōtatsu,48°44′S 18°10′W﻿ / ﻿48.73°S 18.17°W﻿ / -48.73; -18.17﻿ (Sōtatsu),157,1976,Male,artist,Japan,Tawaraya Sōtatsu,Tawaraya Sōtatsu,Asia
Spitteler,69°11′S 60°16′W﻿ / ﻿69.18°S 60.26°W﻿ / -69.18; -60.26﻿ (Spitteler),67,1976,Male,poet,Switzerland ,Carl Spitteler,Carl Spitteler,Europe
Sullivan,16°11′S 86°53′W﻿ / ﻿16.19°S 86.88°W﻿ / -16.19; -86.88﻿ (Sullivan),153.23,1976,Male,architect,United States ,Louis Sullivan,Louis Sullivan,North America
Tansen,4°07′N 71°40′W﻿ / ﻿4.11°N 71.67°W﻿ / 4.11; -71.67﻿ (Tansen),27,1976,Male,composer,India ,Tansen,Tansen,Asia
Thākur,3°03′S 64°34′W﻿ / ﻿3.05°S 64.57°W﻿ / -3.05; -64.57﻿ (Thākur),111,1976,Male,writer,India ,Rabindranath Tagore,Rabindranath Tagore,Asia
Theophanes,5°01′S 142°47′W﻿ / ﻿5.02°S 142.78°W﻿ / -5.02; -142.78﻿ (Theophanes),46,1976,Male,painter,Turkey,Theophanes the Greek,Theophanes the Greek,Europe/Asia
Tintoretto,47°59′S 22°57′W﻿ / ﻿47.99°S 22.95°W﻿ / -47.99; -22.95﻿ (Tintoretto),94,1976,Male,artist,Italy ,Tintoretto,Tintoretto,Europe
Titian,3°41′S 42°32′W﻿ / ﻿3.69°S 42.53°W﻿ / -3.69; -42.53﻿ (Titian),109,1976,Male,artist,Italy,Titian,Titian,Europe
Tolstoj,16°14′S 164°38′W﻿ / ﻿16.23°S 164.64°W﻿ / -16.23; -164.64﻿ (Tolstoj),355,1976,Male,writer,Russia ,Leo Tolstoy,Leo Tolstoy,Europe/Asia
Tsʻai Wen-Chi,23°28′N 23°09′W﻿ / ﻿23.47°N 23.15°W﻿ / 23.47; -23.15﻿ (Tsʻai Wen-Chi),124,1976,Female,poet,China ,Cai Wenji,Cai Wenji,Asia
Tsʻao Chan,13°19′S 142°21′W﻿ / ﻿13.31°S 142.35°W﻿ / -13.31; -142.35﻿ (Tsʻao Chan),110,1976,Male,novelist,China ,Cao Xueqin,Cao Xueqin,Asia
Tsurayuki,62°59′S 20°20′W﻿ / ﻿62.99°S 20.34°W﻿ / -62.99; -20.34﻿ (Tsurayuki),83,1976,Male,writer,Japan ,Ki no Tsurayuki,Ki no Tsurayuki,Asia
Tyagaraja,3°53′N 148°54′W﻿ / ﻿3.89°N 148.9°W﻿ / 3.89; -148.9﻿ (Tyagaraja),97,1976,Male,composer,India ,Tyāgarāja,Tyāgarāja,Asia
Unkei,31°47′S 62°36′W﻿ / ﻿31.79°S 62.6°W﻿ / -31.79; -62.6﻿ (Unkei),121,1976,Male,sculptor,Japan,Unkei,Unkei,Asia
Vālmiki,23°35′S 141°25′W﻿ / ﻿23.58°S 141.41°W﻿ / -23.58; -141.41﻿ (Vālmiki),210,1976,Male,poet,India,Valmiki,Valmiki,Asia
Van Gogh,76°53′S 138°41′W﻿ / ﻿76.88°S 138.68°W﻿ / -76.88; -138.68﻿ (van Gogh),99,1976,Male,artist,The Netherlands,Vincent van Gogh,Vincent van Gogh,Europe
Vivaldi,13°46′N 85°55′W﻿ / ﻿13.76°N 85.92°W﻿ / 13.76; -85.92﻿ (Vivaldi),213,1976,Male,composer,Italy ,Antonio Vivaldi,Antonio Vivaldi,Europe
Wagner,68°15′S 114°47′W﻿ / ﻿68.25°S 114.78°W﻿ / -68.25; -114.78﻿ (Wagner),134,1976,Male,composer,Germany ,Richard Wagner,Richard Wagner,Europe
Wang Meng,8°32′N 104°07′W﻿ / ﻿8.53°N 104.12°W﻿ / 8.53; -104.12﻿ (Wang Meng),165,1976,Male,artist,China ,Wang Meng,Wang Meng,Asia
Wergeland,37°56′S 56°22′W﻿ / ﻿37.93°S 56.36°W﻿ / -37.93; -56.36﻿ (Wergeland),42,1976,Male,writer,Norway,Henrik Wergeland,Henrik Wergeland,Europe
Yeats,9°26′N 35°02′W﻿ / ﻿9.44°N 35.03°W﻿ / 9.44; -35.03﻿ (Yeats),92,1976,Male,poet,Ireland ,William Butler Yeats,William Butler Yeats,Europe
Yun Sŏn-Do,73°29′S 110°05′W﻿ / ﻿73.49°S 110.08°W﻿ / -73.49; -110.08﻿ (Yun Sǒn-Do),76,1976,Male,poet,S.Korea,Yun Seondo,Yun Seondo,Asia
Zeami,2°58′S 147°25′W﻿ / ﻿2.96°S 147.41°W﻿ / -2.96; -147.41﻿ (Zeami),129,1976,Male,playwright,Japan ,Zeami Motokiyo,Zeami Motokiyo,Asia
Ahmad Baba,58°20′N 128°21′W﻿ / ﻿58.33°N 128.35°W﻿ / 58.33; -128.35﻿ (Ahmad Baba),126,1979,Male,writer,Sudan ,Ahmad Baba al Massufi,Ahmad Baba al Massufi,Africa
Alencar,63°38′S 103°47′W﻿ / ﻿63.64°S 103.78°W﻿ / -63.64; -103.78﻿ (Alencar),106,1979,Male,novelist,Brazil ,José de Alencar,José de Alencar,South America
Al-Hamadhani,39°11′N 91°46′W﻿ / ﻿39.19°N 91.76°W﻿ / 39.19; -91.76﻿ (Al-Hamadhani),164,1979,Male,writer,Arabian,Badi' az-Zaman al-Hamadhani,Badi' az-Zaman al-Hamadhani,Asia
Aristoxenus,83°56′N 17°28′W﻿ / ﻿83.93°N 17.46°W﻿ / 83.93; -17.46﻿ (Aristoxenus),52,1979,Male,writer,Greek ,Aristoxenus,Aristoxenus,Europe
Bartók,29°13′S 135°04′W﻿ / ﻿29.22°S 135.06°W﻿ / -29.22; -135.06﻿ (Bartók),118,1979,Male,composer,Hungary ,Béla Bartók,Béla Bartók,Europe
Bashō,32°23′S 170°27′W﻿ / ﻿32.39°S 170.45°W﻿ / -32.39; -170.45﻿ (Bashō),75,1979,Male,poet,Japan ,Matsuo Bashō,Matsuo Bashō,Asia
Botticelli,63°38′N 112°21′W﻿ / ﻿63.63°N 112.35°W﻿ / 63.63; -112.35﻿ (Botticelli),136.35,1979,Male,artist,Italy ,Sandro Botticelli,Sandro Botticelli,Europe
Brahms,58°19′N 177°22′W﻿ / ﻿58.32°N 177.36°W﻿ / 58.32; -177.36﻿ (Brahms),100,1979,Male,composer,Germany ,Johannes Brahms,Johannes Brahms,Europe
Chŏng Chʼŏl,46°52′N 117°19′W﻿ / ﻿46.87°N 117.31°W﻿ / 46.87; -117.31﻿ (Chŏng Chʼŏl),143,1979,Male,poet,S.Korea ,Jeong Cheol,Jeong Cheol,Asia
Couperin,29°44′N 151°56′W﻿ / ﻿29.74°N 151.94°W﻿ / 29.74; -151.94﻿ (Couperin),80,1979,Mixed,musician,France ,The Couperin family of French musicians,The Couperin family,Europe
Degas,37°05′N 127°20′W﻿ / ﻿37.08°N 127.34°W﻿ / 37.08; -127.34﻿ (Degas),54,1979,Male,artist,France ,Edgar Degas,Edgar Degas,Europe
Delacroix,44°19′S 129°31′W﻿ / ﻿44.32°S 129.51°W﻿ / -44.32; -129.51﻿ (Delacroix),158,1979,Male,artist,France ,Eugène Delacroix,Eugène Delacroix,Europe
Derzhavin,45°36′N 36°56′W﻿ / ﻿45.6°N 36.93°W﻿ / 45.6; -36.93﻿ (Derzhavin),156,1979,Male,poet,Russia ,Gavril Romanovich Derzhavin,Gavril Romanovich Derzhavin,Europe/Asia
Despréz,81°05′N 101°15′W﻿ / ﻿81.08°N 101.25°W﻿ / 81.08; -101.25﻿ (Despréz),47.05,1979,Male,composer,France ,Josquin des Prez,Josquin des Prez,Europe
Dostoevskij,44°44′S 178°07′W﻿ / ﻿44.73°S 178.11°W﻿ / -44.73; -178.11﻿ (Dostoevskij),430.06,1979,Male,novelist,Russia ,Fyodor Dostoyevsky,Fyodor Dostoyevsky,Europe/Asia
Dowland,53°34′S 179°18′E﻿ / ﻿53.56°S 179.3°E﻿ / -53.56; 179.3﻿ (Dowland),158,1979,Male,composer,England ,John Dowland,John Dowland,Europe
Gauguin,66°22′N 100°01′W﻿ / ﻿66.36°N 100.01°W﻿ / 66.36; -100.01﻿ (Gauguin),70,1979,Male,artist,France ,Paul Gauguin,Paul Gauguin,Europe
Gluck,37°57′N 18°47′W﻿ / ﻿37.95°N 18.78°W﻿ / 37.95; -18.78﻿ (Gluck),100,1979,Male,composer,Germany ,Christoph Willibald Gluck,Christoph Willibald Gluck,Europe
Goethe,81°06′N 51°02′W﻿ / ﻿81.1°N 51.03°W﻿ / 81.1; -51.03﻿ (Goethe),317.17,1979,Male,writer,Germany ,Johann Wolfgang von Goethe,Johann Wolfgang von Goethe,Europe
Hawthorne,51°19′S 115°20′W﻿ / ﻿51.31°S 115.34°W﻿ / -51.31; -115.34﻿ (Hawthorne),120,1979,Male,novelist,United States,Nathaniel Hawthorne,Nathaniel Hawthorne,North America
Heine,32°28′N 124°53′W﻿ / ﻿32.46°N 124.88°W﻿ / 32.46; -124.88﻿ (Heine),73,1979,Male,poet,Germany ,Heinrich Heine,Heinrich Heine,Europe
Holbein,36°10′N 29°50′W﻿ / ﻿36.16°N 29.84°W﻿ / 36.16; -29.84﻿ (Holbein),115,1979,Male,artist,Germany ,Hans Holbein the Younger,Hans Holbein the Younger,Europe
Hugo,39°37′N 48°29′W﻿ / ﻿39.61°N 48.49°W﻿ / 39.61; -48.49﻿ (Hugo),206,1979,Male,writer,France ,Victor Hugo,Victor Hugo,Europe
Ives,32°52′S 111°59′W﻿ / ﻿32.87°S 111.99°W﻿ / -32.87; -111.99﻿ (Ives),18,1979,Male,composer,United States,Charles Ives,Charles Ives,North America
Jókai,71°56′N 138°27′W﻿ / ﻿71.93°N 138.45°W﻿ / 71.93; -138.45﻿ (Jókai),93,1979,Male,writer,Hungary,Mór Jókai,Mór Jókai,Europe
Kuan Han-Chʻing,29°26′N 53°40′W﻿ / ﻿29.44°N 53.67°W﻿ / 29.44; -53.67﻿ (Kuan Han-Chʻing),143,1979,Male,playwright,China ,Guan Hanqing,Guan Hanqing,Asia
Liang Kʻai,39°53′S 175°50′E﻿ / ﻿39.89°S 175.84°E﻿ / -39.89; 175.84﻿ (Liang Kʻai),145,1979,Male,artist,China ,Liang Kai,Liang Kai,Asia
Mansart,72°43′N 123°22′W﻿ / ﻿72.72°N 123.36°W﻿ / 72.72; -123.36﻿ (Mansart),84.97,1979,Male,architect,France ,Jules Hardouin-Mansart,Jules Hardouin-Mansart,Europe
Mansur,47°25′N 163°37′W﻿ / ﻿47.41°N 163.61°W﻿ / 47.41; -163.61﻿ (Mansur),95,1979,Male,artist,India ,Ustad Mansur,Ustad Mansur,Asia
March,30°57′N 176°18′W﻿ / ﻿30.95°N 176.3°W﻿ / 30.95; -176.3﻿ (March),83,1979,Male,poet,Spain ,Ausiàs March,Ausiàs March,Europe
Martial,68°28′N 178°20′W﻿ / ﻿68.47°N 178.33°W﻿ / 68.47; -178.33﻿ (Martial),51,1979,Male,poet,Roman ,Martial,Martial,Europe
Michelangelo,44°55′S 109°47′W﻿ / ﻿44.92°S 109.78°W﻿ / -44.92; -109.78﻿ (Michelangelo),229.71,1979,Male,artist,Italy ,Michelangelo,Michelangelo,Europe
Monet,44°14′N 9°46′W﻿ / ﻿44.23°N 9.77°W﻿ / 44.23; -9.77﻿ (Monet),203,1979,Male,artist,France ,Claude Monet,Claude Monet,Europe
Monteverdi,64°29′N 81°01′W﻿ / ﻿64.49°N 81.01°W﻿ / 64.49; -81.01﻿ (Monteverdi),134,1979,Male,composer,Italy ,Claudio Monteverdi,Claudio Monteverdi,Europe
Mussorgskij,32°49′N 97°39′W﻿ / ﻿32.82°N 97.65°W﻿ / 32.82; -97.65﻿ (Mussorgskij),115,1979,Male,composer,Russia ,Modest Mussorgsky,Modest Mussorgsky,Europe/Asia
Myron,71°13′N 84°52′W﻿ / ﻿71.21°N 84.86°W﻿ / 71.21; -84.86﻿ (Myron),25,1979,Male,sculptor,Greek ,Myron,Myron,Europe
Nervo,42°42′N 179°53′W﻿ / ﻿42.7°N 179.89°W﻿ / 42.7; -179.89﻿ (Nervo),66,1979,Male,poet,Mexico ,Amado Nervo,Amado Nervo,North America
Nizāmī,70°28′N 166°43′W﻿ / ﻿70.46°N 166.71°W﻿ / 70.46; -166.71﻿ (Nizāmī),77,1979,Male,poet,Iran,Nizami,Nizami,Asia
Praxiteles,27°07′N 60°17′W﻿ / ﻿27.11°N 60.28°W﻿ / 27.11; -60.28﻿ (Praxiteles),198,1979,Male,sculptor,Greek,Praxiteles,Praxiteles,Europe
Purcell,80°26′N 152°13′W﻿ / ﻿80.43°N 152.21°W﻿ / 80.43; -152.21﻿ (Purcell),87.67,1979,Male,composer,England ,Henry Purcell,Henry Purcell,Europe
Riemenschneider,52°45′S 99°57′W﻿ / ﻿52.75°S 99.95°W﻿ / -52.75; -99.95﻿ (Riemenschneider),183,1979,Male,sculptor,Germany,Tilman Riemenschneider,Tilman Riemenschneider,Europe
Rubens,60°35′N 77°59′W﻿ / ﻿60.58°N 77.99°W﻿ / 60.58; -77.99﻿ (Rubens),158,1979,Male,artist,Belgium ,Peter Paul Rubens,Peter Paul Rubens,Europe
Saikaku,71°58′N 177°58′W﻿ / ﻿71.96°N 177.97°W﻿ / 71.96; -177.97﻿ (Saikaku),64,1979,Male,poet,Japan,Ihara Saikaku,Ihara Saikaku,Asia
Sarmiento,29°16′S 170°25′E﻿ / ﻿29.27°S 170.42°E﻿ / -29.27; 170.42﻿ (Sarmiento),95,1979,Male,writer,Argentina ,Domingo Faustino Sarmiento,Domingo Faustino Sarmiento,South America
Sayat-Nova,27°59′S 122°42′W﻿ / ﻿27.98°S 122.7°W﻿ / -27.98; -122.7﻿ (Sayat-Nova),146,1979,Male,poet,Armenian,Sayat-Nova,Sayat-Nova,Asia
Scarlatti,40°42′N 101°10′W﻿ / ﻿40.7°N 101.16°W﻿ / 40.7; -101.16﻿ (Scarlatti),132,1979,Male,composer,Italy ,Domenico Scarlatti,Domenico Scarlatti,Europe
Shakespeare,48°06′N 152°15′W﻿ / ﻿48.1°N 152.25°W﻿ / 48.1; -152.25﻿ (Shakespeare),399,1979,Male,writer,England ,William Shakespeare,William Shakespeare,Europe
Shelley,47°41′S 128°16′W﻿ / ﻿47.69°S 128.27°W﻿ / -47.69; -128.27﻿ (Shelley),171,1979,Male,poet,England ,Percy Bysshe Shelley,Percy Bysshe Shelley,Europe
Sholem Aleichem,50°55′N 90°29′W﻿ / ﻿50.92°N 90.48°W﻿ / 50.92; -90.48﻿ (Sholem Aleichem),196,1979,Male,writer,Russian Empire,Sholom Aleichem,Sholom Aleichem,Europe/Asia
Sor Juana,50°31′N 25°35′W﻿ / ﻿50.51°N 25.59°W﻿ / 50.51; -25.59﻿ (Sor Juana),102,1979,Female,writer,Mexico ,Sor Juana Inés de la Cruz,Sor Juana Inés de la Cruz,North America
Stravinsky,51°57′N 78°54′W﻿ / ﻿51.95°N 78.9°W﻿ / 51.95; -78.9﻿ (Stravinsky),129,1979,Male,composer,Russia ,Igor Stravinsky,Igor Stravinsky,Europe/Asia
Strindberg,53°25′N 136°40′W﻿ / ﻿53.41°N 136.67°W﻿ / 53.41; -136.67﻿ (Strindberg),189,1979,Male,writer,Sweden,August Strindberg,August Strindberg,Europe
Sūr Dās,46°59′S 93°34′W﻿ / ﻿46.98°S 93.57°W﻿ / -46.98; -93.57﻿ (Sūr Dās),131,1979,Male,poet,India ,Sur,Sur,Asia
Surikov,36°59′S 124°54′W﻿ / ﻿36.98°S 124.9°W﻿ / -36.98; -124.9﻿ (Surikov),224,1979,Male,artist,Russia ,Vasily Surikov,Vasily Surikov,Europe/Asia
Takayoshi,37°14′S 163°49′W﻿ / ﻿37.23°S 163.82°W﻿ / -37.23; -163.82﻿ (Takayoshi),136,1979,Male,painter,Japan ,Fujiwara no Takayoshi,Fujiwara no Takayoshi,Asia
Tung Yüan,75°01′N 62°50′W﻿ / ﻿75.02°N 62.83°W﻿ / 75.02; -62.83﻿ (Tung Yüan),60.46,1979,Male,artist,China ,Dong Yuan,Dong Yuan,Asia
Turgenev,65°41′N 136°16′W﻿ / ﻿65.68°N 136.26°W﻿ / 65.68; -136.26﻿ (Turgenev),136,1979,Male,writer,Russia ,Ivan Turgenev,Ivan Turgenev,Europe/Asia
Ustad Isa,31°55′S 166°07′W﻿ / ﻿31.91°S 166.11°W﻿ / -31.91; -166.11﻿ (Ustad Isa),138,1979,Male,architect,Turkey,Ustad Isa,Ustad Isa,Europe/Asia
Van Dijck,75°48′N 166°38′W﻿ / ﻿75.8°N 166.63°W﻿ / 75.8; -166.63﻿ (Van Dijck),101.53,1979,Male,artist,Belgium ,Anthony van Dyck,Anthony van Dyck,Europe
Van Eyck,43°13′N 159°26′W﻿ / ﻿43.22°N 159.43°W﻿ / 43.22; -159.43﻿ (Van Eyck),271,1979,Male,artist,Belgium ,Jan van Eyck,Jan van Eyck,Europe
Velázquez,37°35′N 55°26′W﻿ / ﻿37.59°N 55.43°W﻿ / 37.59; -55.43﻿ (Velázquez),128,1979,Male,painter,Spain,Diego Velázquez,Diego Velázquez,Europe
Verdi,64°22′N 169°43′W﻿ / ﻿64.36°N 169.71°W﻿ / 64.36; -169.71﻿ (Verdi),145,1979,Male,composer,Italy ,Giuseppe Verdi,Giuseppe Verdi,Europe
Vincente,56°45′S 142°58′W﻿ / ﻿56.75°S 142.96°W﻿ / -56.75; -142.96﻿ (Vincente),108,1979,Male,writer,Portugal ,Gil Vicente,Gil Vicente,Europe
Vyāsa,49°47′N 84°37′W﻿ / ﻿49.79°N 84.62°W﻿ / 49.79; -84.62﻿ (Vyāsa),297,1979,Male,poet,India ,Vyasa,Vyasa,Asia
Wren,24°50′N 35°57′W﻿ / ﻿24.84°N 35.95°W﻿ / 24.84; -35.95﻿ (Wren),204,1979,Male,architect,England,Christopher Wren,Christopher Wren,Europe
Zola,49°45′N 178°15′W﻿ / ﻿49.75°N 178.25°W﻿ / 49.75; -178.25﻿ (Zola),70,1979,Male,novelist,France,Émile Zola,Émile Zola,Europe
Barma,40°56′S 163°29′W﻿ / ﻿40.93°S 163.49°W﻿ / -40.93; -163.49﻿ (Barma),123,1982,Male,architect,Russia ,"Postnik ""Barma"" Yakovlev","Postnik ""Barma"" Yakovlev",Europe/Asia
Al-Akhtal,59°23′N 99°43′W﻿ / ﻿59.38°N 99.71°W﻿ / 59.38; -99.71﻿ (Al-Akhtal),94.29,1985,Male,poet,Arabian ,Akhtal,Akhtal,Asia
Belinskij,77°05′S 103°55′W﻿ / ﻿77.09°S 103.92°W﻿ / -77.09; -103.92﻿ (Belinskij),70.67,1985,Male,literary critic,Russia ,Vissarion Belinsky,Vissarion Belinsky,Europe/Asia
Bjornson,73°07′N 113°59′W﻿ / ﻿73.11°N 113.99°W﻿ / 73.11; -113.99﻿ (Bjornson),75.93,1985,Male,poet,Norway ,Bjørnstjerne Bjørnson,Bjørnstjerne Bjørnson,Europe
Bruegel,49°44′N 109°28′W﻿ / ﻿49.73°N 109.46°W﻿ / 49.73; -109.46﻿ (Bruegel),72,1985,Male,painter,Flemish / Belgium,Pieter Bruegel the Elder,Pieter Bruegel the Elder,Europe
Burns,54°06′N 117°22′W﻿ / ﻿54.1°N 117.37°W﻿ / 54.1; -117.37﻿ (Burns),43,1985,Male,poet,Scotland ,Robert Burns,Robert Burns,Europe
Cézanne,8°28′S 123°41′W﻿ / ﻿8.47°S 123.69°W﻿ / -8.47; -123.69﻿ (Cézanne),67,1985,Male,painter,France ,Paul Cézanne,Paul Cézanne,Europe
Echegaray,43°29′N 20°13′W﻿ / ﻿43.48°N 20.22°W﻿ / 43.48; -20.22﻿ (Echegaray),63,1985,Male,playwright,Spain,José Echegaray,José Echegaray,Europe
Fet,4°43′S 179°47′E﻿ / ﻿4.72°S 179.78°E﻿ / -4.72; 179.78﻿ (Fet),79,1985,Male,poet,Russia ,Afanasy Fet,Afanasy Fet,Europe/Asia
Flaubert,13°50′S 72°42′W﻿ / ﻿13.83°S 72.7°W﻿ / -13.83; -72.7﻿ (Flaubert),95,1985,Male,author,France ,Gustave Flaubert,Gustave Flaubert,Europe
Gainsborough,35°44′S 175°29′E﻿ / ﻿35.73°S 175.48°E﻿ / -35.73; 175.48﻿ (Gainsborough),95,1985,Male,painter,England ,Thomas Gainsborough,Thomas Gainsborough,Europe
Gogol,28°16′S 147°28′W﻿ / ﻿28.26°S 147.46°W﻿ / -28.26; -147.46﻿ (Gogol),79,1985,Male,playwright,Russia ,Nikolai Gogol,Nikolai Gogol,Europe/Asia
Grieg,52°29′N 15°22′W﻿ / ﻿52.49°N 15.36°W﻿ / 52.49; -15.36﻿ (Grieg),59,1985,Male,composer,Norway ,Edvard Grieg,Edvard Grieg,Europe
Hals,54°58′S 114°59′W﻿ / ﻿54.96°S 114.99°W﻿ / -54.96; -114.99﻿ (Hals),93,1985,Male,painter,The Netherlands,Frans Hals,Frans Hals,Europe
Han Kan,72°08′S 146°24′W﻿ / ﻿72.13°S 146.4°W﻿ / -72.13; -146.4﻿ (Han Kan),50,1985,Male,painter,China,Han Gan,Han Gan,Asia
Hauptmann,23°42′S 179°35′E﻿ / ﻿23.7°S 179.59°E﻿ / -23.7; 179.59﻿ (Hauptmann),118,1985,Male,playwright,Germany ,Gerhart Hauptmann,Gerhart Hauptmann,Europe
Janáček,55°43′N 154°51′W﻿ / ﻿55.72°N 154.85°W﻿ / 55.72; -154.85﻿ (Janáček),47,1985,Male,composer,Czechoslovakia ,Leoš Janáček,Leoš Janáček,Europe
Kōshō,59°56′N 139°52′W﻿ / ﻿59.93°N 139.87°W﻿ / 59.93; -139.87﻿ (Kōshō),64,1985,Male,sculptor,Japan ,Kōshō,Kōshō,Asia
Lessing,28°30′S 90°20′W﻿ / ﻿28.5°S 90.34°W﻿ / -28.5; -90.34﻿ (Lessing),95,1985,Male,dramatist,Germany ,Gotthold Ephraim Lessing,Gotthold Ephraim Lessing,Europe
Liszt,16°08′S 168°20′W﻿ / ﻿16.13°S 168.34°W﻿ / -16.13; -168.34﻿ (Liszt),79,1985,Male,composer,Hungary,Franz Liszt,Franz Liszt,Europe
Ōkyo,70°03′S 74°40′W﻿ / ﻿70.05°S 74.66°W﻿ / -70.05; -74.66﻿ (Ōkyo),66,1985,Male,painter,Japan ,Maruyama Ōkyo,Maruyama Ōkyo,Asia
Ravel,12°01′S 38°11′W﻿ / ﻿12.01°S 38.19°W﻿ / -12.01; -38.19﻿ (Ravel),78,1985,Male,composer,France,Maurice Ravel,Maurice Ravel,Europe
Rimbaud,63°37′S 148°54′W﻿ / ﻿63.62°S 148.9°W﻿ / -63.62; -148.9﻿ (Rimbaud),78,1985,Male,poet,France ,Arthur Rimbaud,Arthur Rimbaud,Europe
Rude,33°13′S 79°17′W﻿ / ﻿33.22°S 79.29°W﻿ / -33.22; -79.29﻿ (Rude),68,1985,Male,sculptor,France ,François Rude,François Rude,Europe
Rūmī,24°12′S 105°18′W﻿ / ﻿24.2°S 105.3°W﻿ / -24.2; -105.3﻿ (Rūmī),75,1985,Male,poet,Iran,Mawlana Rumi,Mawlana Rumi,Asia
Sibelius,49°30′S 145°22′W﻿ / ﻿49.5°S 145.37°W﻿ / -49.5; -145.37﻿ (Sibelius),94,1985,Male,composer,Finland ,Jean Sibelius,Jean Sibelius,Europe
Simonides,29°08′S 44°51′W﻿ / ﻿29.13°S 44.85°W﻿ / -29.13; -44.85﻿ (Simonides),87,1985,Male,poet,Greek ,Simonides of Ceos,Simonides of Ceos,Europe
Smetana,48°15′S 70°10′W﻿ / ﻿48.25°S 70.17°W﻿ / -48.25; -70.17﻿ (Smetana),191,1985,Male,composer,Czechoslovakia ,Bedřich Smetana,Bedřich Smetana,Europe
Sōseki,39°19′N 38°46′W﻿ / ﻿39.31°N 38.77°W﻿ / 39.31; -38.77﻿ (Sōseki),92,1985,Male,novelist,Japan ,Natsume Sōseki,Natsume Sōseki,Asia
Takanobu,30°40′N 108°34′W﻿ / ﻿30.66°N 108.56°W﻿ / 30.66; -108.56﻿ (Takanobu),72,1985,Male,poet,Japan ,Fujiwara no Takanobu,Fujiwara no Takanobu,Asia
Thoreau,5°56′N 132°38′W﻿ / ﻿5.94°N 132.64°W﻿ / 5.94; -132.64﻿ (Thoreau),72,1985,Male,poet,United States ,Henry David Thoreau,Henry David Thoreau,North America
Vlaminck,28°29′N 13°31′W﻿ / ﻿28.48°N 13.51°W﻿ / 28.48; -13.51﻿ (Vlaminck),82,1985,Male,painter,France ,Maurice de Vlaminck,Maurice de Vlaminck,Europe
Whitman,41°24′N 111°38′W﻿ / ﻿41.4°N 111.64°W﻿ / 41.4; -111.64﻿ (Whitman),64,1985,Male,poet,United States,Walt Whitman,Walt Whitman,North America
Amaral,26°29′S 117°49′E﻿ / ﻿26.49°S 117.82°E﻿ / -26.49; 117.82﻿ (Amaral),105,2008,Female,artist,Brazil,Tarsila do Amaral,Tarsila do Amaral,South America
Apollodorus,30°32′N 163°17′E﻿ / ﻿30.54°N 163.28°E﻿ / 30.54; 163.28﻿ (Apollodorus),41,2008,Male,architect,Greek ,Apollodorus of Damascus,Apollodorus of Damascus,Europe
Atget,25°34′N 166°23′E﻿ / ﻿25.57°N 166.38°E﻿ / 25.57; 166.38﻿ (Atget),100,2008,Male,photographer,France ,Eugène Atget,Eugène Atget,Europe
Beckett,40°12′S 111°17′E﻿ / ﻿40.2°S 111.29°E﻿ / -40.2; 111.29﻿ (Beckett),60,2008,Female,painter,Australia ,Clarice Beckett,Clarice Beckett,Australia
Cunningham,30°25′N 157°04′E﻿ / ﻿30.41°N 157.07°E﻿ / 30.41; 157.07﻿ (Cunningham),37,2008,Female,photographer,United States ,Imogen Cunningham,Imogen Cunningham,North America
Dali,45°10′N 119°44′E﻿ / ﻿45.16°N 119.74°E﻿ / 45.16; 119.74﻿ (Dali),176,2008,Male,painter,Spain ,Salvador Dalí,Salvador Dalí,Europe
Eminescu,10°40′N 114°13′E﻿ / ﻿10.66°N 114.21°E﻿ / 10.66; 114.21﻿ (Eminescu),129,2008,Male,poet,Romania,Mihai Eminescu,Mihai Eminescu,Europe
Enwonwu,10°01′S 121°58′E﻿ / ﻿10.01°S 121.96°E﻿ / -10.01; 121.96﻿ (Enwonwu),38,2008,Male,painter,Nigeria ,Ben Enwonwu,Ben Enwonwu,Africa
Glinka,14°50′N 112°33′W﻿ / ﻿14.83°N 112.55°W﻿ / 14.83; -112.55﻿ (Glinka),89,2008,Male,composer,Russia ,Mikhail Glinka,Mikhail Glinka,Europe/Asia
Hovnatanian,7°41′S 172°43′E﻿ / ﻿7.68°S 172.71°E﻿ / -7.68; 172.71﻿ (Hovnatanian),34,2008,Male,painter,Armenian ,Hakob Hovnatanian,Hakob Hovnatanian,Asia
Kertész,27°22′N 146°05′E﻿ / ﻿27.37°N 146.08°E﻿ / 27.37; 146.08﻿ (Kertész),32,2008,Male,photographer,United States ,André Kertész,André Kertész,North America
Moody,13°13′S 144°51′E﻿ / ﻿13.21°S 144.85°E﻿ / -13.21; 144.85﻿ (Moody),83,2008,Male,painter,Jamaica ,Ronald Moody,Ronald Moody,North America
Munch,40°29′N 152°49′E﻿ / ﻿40.48°N 152.82°E﻿ / 40.48; 152.82﻿ (Munch),57,2008,Male,painter,Norway,Edvard Munch,Edvard Munch,Europe
Navoi,58°49′N 160°25′E﻿ / ﻿58.82°N 160.41°E﻿ / 58.82; 160.41﻿ (Navoi),69,2008,Male,poet,Uzbekistan,Ali-Shir Nava'i,Ali-Shir Nava'i,Asia
Nāwahī,35°53′N 145°16′E﻿ / ﻿35.88°N 145.26°E﻿ / 35.88; 145.26﻿ (Nāwahī),38,2008,Male,painter,United States,Joseph Nāwahī,Joseph Nāwahī,North America
Neruda,52°40′S 125°47′E﻿ / ﻿52.66°S 125.79°E﻿ / -52.66; 125.79﻿ (Neruda),112,2008,Male,poet,Czechoslovakia,Jan Neruda,Jan Neruda,Europe
Oskison,60°22′N 145°14′E﻿ / ﻿60.36°N 145.24°E﻿ / 60.36; 145.24﻿ (Oskison),122,2008,Male,author,United States,John Milton Oskison,John Milton Oskison,North America
Poe,43°46′N 159°06′E﻿ / ﻿43.76°N 159.1°E﻿ / 43.76; 159.1﻿ (Poe),77,2008,Male,poet,United States ,Edgar Allan Poe,Edgar Allan Poe,North America
Qi Baishi,4°19′S 164°22′E﻿ / ﻿4.31°S 164.37°E﻿ / -4.31; 164.37﻿ (Qi Baishi),15,2008,Male,painter,China ,Qi Baishi,Qi Baishi,Asia
Raden Saleh,2°04′N 158°50′E﻿ / ﻿2.07°N 158.83°E﻿ / 2.07; 158.83﻿ (Raden Saleh),23,2008,Male,painter,Indonesia ,Raden Saleh,Raden Saleh,Asia
Raditladi,27°09′N 119°04′E﻿ / ﻿27.15°N 119.06°E﻿ / 27.15; 119.06﻿ (Raditladi),258,2008,Male,writer,Botswana,Leetile Disang Raditladi,Leetile Disang Raditladi,Africa
Sander,42°26′N 154°34′E﻿ / ﻿42.43°N 154.56°E﻿ / 42.43; 154.56﻿ (Sander),47,2008,Male,photographer,Germany ,August Sander,August Sander,Europe
Sher-Gil,45°16′S 134°44′E﻿ / ﻿45.26°S 134.74°E﻿ / -45.26; 134.74﻿ (Sher-Gil),77,2008,Female,painter,India,Amrita Sher-Gil,Amrita Sher-Gil,Asia
Sveinsdóttir,2°50′S 100°19′E﻿ / ﻿2.83°S 100.32°E﻿ / -2.83; 100.32﻿ (Sveinsdóttir),212.79,2008,Female,artist,Iceland ,Júlíana Sveinsdóttir,Júlíana Sveinsdóttir,Europe
Xiao Zhao,10°35′N 123°50′E﻿ / ﻿10.58°N 123.84°E﻿ / 10.58; 123.84﻿ (Xiao Zhao),24,2008,Male,artist,China ,Xiao Zhao,Xiao Zhao,Asia
Abedin,61°44′N 10°40′W﻿ / ﻿61.73°N 10.66°W﻿ / 61.73; -10.66﻿ (Abedin),116.23,2009,Male,painter,Bangladesh ,Zainul Abedin,Zainul Abedin,Asia
Benoit,7°29′N 104°21′E﻿ / ﻿7.48°N 104.35°E﻿ / 7.48; 104.35﻿ (Benoit),40,2009,Male,artist,Haiti,Rigaud Benoit,Rigaud Benoit,North America
Berkel,13°44′S 26°49′E﻿ / ﻿13.73°S 26.81°E﻿ / -13.73; 26.81﻿ (Berkel),23,2009,Male,painter,Turkey,Sabri Berkel,Sabri Berkel,Europe/Asia
Calvino,3°59′S 56°02′W﻿ / ﻿3.99°S 56.03°W﻿ / -3.99; -56.03﻿ (Calvino),67,2009,Male,writer,Italy,Italo Calvino,Italo Calvino,Europe
de Graft,22°03′N 1°53′E﻿ / ﻿22.05°N 1.89°E﻿ / 22.05; 1.89﻿ (de Graft),68,2009,Male,playwright,Ghana ,Joe de Graft,Joe de Graft,Africa
Derain,9°00′S 19°42′E﻿ / ﻿9°S 19.7°E﻿ / -9; 19.7﻿ (Derain),167,2009,Male,artist,France,André Derain,André Derain,Europe
Eastman,9°31′N 125°46′E﻿ / ﻿9.52°N 125.76°E﻿ / 9.52; 125.76﻿ (Eastman),67,2009,Male,author,United States,Charles Eastman,Charles Eastman,North America
Gibran,35°44′N 111°26′W﻿ / ﻿35.73°N 111.44°W﻿ / 35.73; -111.44﻿ (Gibran),106,2009,Male,poet,Lebanon,Kahlil Gibran,Kahlil Gibran,Asia
Hemingway,17°23′N 3°08′W﻿ / ﻿17.38°N 3.13°W﻿ / 17.38; -3.13﻿ (Hemingway),126,2009,Male,writer,United States,Ernest Hemingway,Ernest Hemingway,North America
Hodgkins,29°07′N 17°58′E﻿ / ﻿29.12°N 17.97°E﻿ / 29.12; 17.97﻿ (Hodgkins),19,2009,Female,painter,New Zealand ,Frances Hodgkins,Frances Hodgkins,Oceania
Izquierdo,1°40′S 107°02′E﻿ / ﻿1.66°S 107.04°E﻿ / -1.66; 107.04﻿ (Izquierdo),174,2009,Female,painter,Mexico ,María Izquierdo,María Izquierdo,North America
Kunisada,1°22′N 113°01′E﻿ / ﻿1.37°N 113.02°E﻿ / 1.37; 113.02﻿ (Kunisada),241.45,2009,Male,printmaker,Japan,Utagawa Kunisada,Utagawa Kunisada,Asia
Lange,6°17′N 100°28′E﻿ / ﻿6.28°N 100.47°E﻿ / 6.28; 100.47﻿ (Lange),176.23,2009,Female,photographer,United States ,Dorothea Lange,Dorothea Lange,North America
Matabei,39°51′S 14°03′W﻿ / ﻿39.85°S 14.05°W﻿ / -39.85; -14.05﻿ (Matabei),24,2009,Male,painter,Japan,Iwasa Matabei,Iwasa Matabei,Asia
Munkácsy,21°57′N 101°08′E﻿ / ﻿21.95°N 101.14°E﻿ / 21.95; 101.14﻿ (Munkácsy),193,2009,Male,painter,Hungary ,Mihály Munkácsy,Mihály Munkácsy,Europe
Rembrandt,32°53′S 87°52′E﻿ / ﻿32.89°S 87.87°E﻿ / -32.89; 87.87﻿ (Rembrandt),716,2009,Male,artist,The Netherlands,Rembrandt,Rembrandt,Europe
To Ngoc Van,52°29′N 111°42′W﻿ / ﻿52.49°N 111.7°W﻿ / 52.49; -111.7﻿ (To Ngoc Van),71,2009,Male,painter,Vietnam ,To Ngoc Van,To Ngoc Van,Asia
Bek,21°10′N 50°59′W﻿ / ﻿21.16°N 50.99°W﻿ / 21.16; -50.99﻿ (Bek),32,2010,Male,sculptor,Egypt ,Bek,Bek,Africa
Copland,37°38′N 72°59′E﻿ / ﻿37.63°N 72.99°E﻿ / 37.63; 72.99﻿ (Copland),208,2010,Male,composer,United States ,Aaron Copland,Aaron Copland,North America
Debussy,33°57′S 12°32′E﻿ / ﻿33.95°S 12.54°E﻿ / -33.95; 12.54﻿ (Debussy),81,2010,Male,composer,France ,Claude Debussy,Claude Debussy,Europe
Dominici,1°17′N 36°29′W﻿ / ﻿1.29°N 36.49°W﻿ / 1.29; -36.49﻿ (Dominici),20,2010,Female,painter,Malta ,Maria de Dominici,Maria de Dominici,Europe
Firdousi,3°28′N 65°19′E﻿ / ﻿3.47°N 65.32°E﻿ / 3.47; 65.32﻿ (Firdousi),98,2010,Male,poet,Iran,Hakim Ferdowsi,Hakim Ferdowsi,Asia
Geddes,27°10′N 29°43′W﻿ / ﻿27.17°N 29.72°W﻿ / 27.17; -29.72﻿ (Geddes),84,2010,Female,artist,Ireland ,Wilhelmina Geddes,Wilhelmina Geddes,Europe
Hokusai,57°50′N 16°39′E﻿ / ﻿57.84°N 16.65°E﻿ / 57.84; 16.65﻿ (Hokusai),114,2010,Male,painter,Japan ,Katsushika Hokusai,Katsushika Hokusai,Asia
Kipling,19°22′S 72°01′E﻿ / ﻿19.37°S 72.02°E﻿ / -19.37; 72.02﻿ (Kipling),164,2010,Male,author,England,Rudyard Kipling,Rudyard Kipling,Europe
Picasso,3°26′N 50°14′E﻿ / ﻿3.44°N 50.24°E﻿ / 3.44; 50.24﻿ (Picasso),134,2010,Male,painter,France,Pablo Picasso,Pablo Picasso,Europe
Rachmaninoff,27°40′N 57°22′E﻿ / ﻿27.66°N 57.37°E﻿ / 27.66; 57.37﻿ (Rachmaninoff),305,2010,Male,composer,Russia ,Sergei Rachmaninoff,Sergei Rachmaninoff,Europe/Asia
Steichen,12°47′S 77°02′E﻿ / ﻿12.79°S 77.04°E﻿ / -12.79; 77.04﻿ (Steichen),196,2010,Male,photographer,United States ,Edward Steichen,Edward Steichen,North America
Ailey,45°35′N 177°55′E﻿ / ﻿45.58°N 177.92°E﻿ / 45.58; 177.92﻿ (Ailey),23,2012,Male,choreographer,United States ,Alvin Ailey,Alvin Ailey,North America
Aksakov,34°43′N 78°44′W﻿ / ﻿34.71°N 78.74°W﻿ / 34.71; -78.74﻿ (Aksakov),174,2012,Male,author,Russia,Sergey Aksakov,Sergey Aksakov,Europe/Asia
Balanchine,38°28′N 175°31′E﻿ / ﻿38.47°N 175.52°E﻿ / 38.47; 175.52﻿ (Balanchine),38,2012,Male,choreographer,United States ,George Balanchine,George Balanchine,North America
Catullus,21°54′N 67°33′W﻿ / ﻿21.9°N 67.55°W﻿ / 21.9; -67.55﻿ (Catullus),100.2,2012,Male,poet,Roman ,Gaius Valerius Catullus,Gaius Valerius Catullus,Europe
Chesterton,88°31′N 126°54′W﻿ / ﻿88.51°N 126.9°W﻿ / 88.51; -126.9﻿ (Chesterton),37.23,2012,Male,author,England,Gilbert Keith Chesterton,Gilbert Keith Chesterton,Europe
Disney,68°09′S 99°48′E﻿ / ﻿68.15°S 99.8°E﻿ / -68.15; 99.8﻿ (Disney),113,2012,Male,animator,United States ,Walt Disney,Walt Disney,North America
Egonu,67°09′N 61°29′E﻿ / ﻿67.15°N 61.48°E﻿ / 67.15; 61.48﻿ (Egonu),25,2012,Male,artist,Nigeria ,Uzo Egonu,Uzo Egonu,Africa
Ellington,12°53′S 26°06′E﻿ / ﻿12.88°S 26.1°E﻿ / -12.88; 26.1﻿ (Ellington),216,2012,Male,musician,United States,Duke Ellington,Duke Ellington,North America
Faulkner,8°05′N 76°58′E﻿ / ﻿8.08°N 76.97°E﻿ / 8.08; 76.97﻿ (Faulkner),168,2012,Male,author,United States ,William Faulkner,William Faulkner,North America
Fonteyn,32°49′N 95°31′E﻿ / ﻿32.82°N 95.51°E﻿ / 32.82; 95.51﻿ (Fonteyn),29,2012,Female,ballet dancer,England ,Margot Fonteyn,Margot Fonteyn,Europe
Gaudí,76°54′N 69°10′E﻿ / ﻿76.9°N 69.16°E﻿ / 76.9; 69.16﻿ (Gaudí),81,2012,Male,architect,Spain ,Antoni Gaudí i Cornet,Antoni Gaudí i Cornet,Europe
Grainger,44°05′S 104°49′E﻿ / ﻿44.09°S 104.81°E﻿ / -44.09; 104.81﻿ (Grainger),113,2012,Male,composer,Australia ,Percy Grainger,Percy Grainger,Australia
Grotell,71°05′N 31°38′W﻿ / ﻿71.09°N 31.63°W﻿ / 71.09; -31.63﻿ (Grotell),48.25,2012,Female,ceramist,Finland ,Maija Grotell,Maija Grotell,Europe
Henri,79°41′N 152°59′E﻿ / ﻿79.68°N 152.98°E﻿ / 79.68; 152.98﻿ (Henri),163.8,2012,Male,painter,United States,Robert Henri,Robert Henri,North America
Holst,17°25′S 44°58′E﻿ / ﻿17.42°S 44.96°E﻿ / -17.42; 44.96﻿ (Holst),170,2012,Male,composer,England ,Gustav Holst,Gustav Holst,Europe
Hopper,12°26′S 55°58′W﻿ / ﻿12.44°S 55.96°W﻿ / -12.44; -55.96﻿ (Hopper),36,2012,Male,painter,United States ,Edward Hopper,Edward Hopper,North America
Joplin,38°34′S 25°31′E﻿ / ﻿38.56°S 25.51°E﻿ / -38.56; 25.51﻿ (Joplin),139,2012,Male,composer,United States ,Scott Joplin,Scott Joplin,North America
Kandinsky,87°53′N 78°47′E﻿ / ﻿87.89°N 78.78°E﻿ / 87.89; 78.78﻿ (Kandinsky),60,2012,Male,painter,Russia ,Wassily Kandinsky,Wassily Kandinsky,Europe/Asia
Kobro,82°10′S 81°13′E﻿ / ﻿82.16°S 81.22°E﻿ / -82.16; 81.22﻿ (Kobro),54,2012,Female,sculptor,Poland,Katarzyna Kobro,Katarzyna Kobro,Europe
Kofi,56°45′N 117°52′E﻿ / ﻿56.75°N 117.87°E﻿ / 56.75; 117.87﻿ (Kofi),136,2012,Male,sculptor,Ghana ,Vincent Kofi,Vincent Kofi,Africa
Komeda,82°44′S 90°28′E﻿ / ﻿82.74°S 90.47°E﻿ / -82.74; 90.47﻿ (Komeda),54,2012,Male,composer,Poland ,Krzysztof Komeda,Krzysztof Komeda,Europe
Kyōsai,25°09′N 4°52′E﻿ / ﻿25.15°N 4.86°E﻿ / 25.15; 4.86﻿ (Kyōsai),39,2012,Male,artist,Japan ,Kawanabe Kyōsai,Kawanabe Kyōsai,Asia
Lismer,81°31′N 166°22′E﻿ / ﻿81.51°N 166.37°E﻿ / 81.51; 166.37﻿ (Lismer),139.12,2012,Male,painter,Canada ,Arthur Lismer,Arthur Lismer,North America
Magritte,72°47′S 121°38′E﻿ / ﻿72.78°S 121.63°E﻿ / -72.78; 121.63﻿ (Magritte),149,2012,Male,painter,Belgium ,René Magritte,René Magritte,Europe
Mendelssohn,70°04′N 257°27′W﻿ / ﻿70.07°N 257.45°W﻿ / 70.07; -257.45﻿ (Mendelssohn),291,2012,Male,composer,Germany ,Felix Mendelssohn,Felix Mendelssohn,Europe
Nabokov,14°34′S 55°46′E﻿ / ﻿14.56°S 55.76°E﻿ / -14.56; 55.76﻿ (Nabokov),166,2012,Male,writer,Russia ,Vladimir Nabokov,Vladimir Nabokov,Europe/Asia
Nureyev,11°41′N 173°08′W﻿ / ﻿11.68°N 173.13°W﻿ / 11.68; -173.13﻿ (Nureyev),16,2012,Male,ballet,Russia ,Rudolf Nureyev,Rudolf Nureyev,Europe/Asia
Pasch,46°07′N 134°45′E﻿ / ﻿46.12°N 134.75°E﻿ / 46.12; 134.75﻿ (Pasch),37,2012,Female,painter,Sweden ,Ulrika Pasch,Ulrika Pasch,Europe
Petipa,11°32′N 21°03′E﻿ / ﻿11.54°N 21.05°E﻿ / 11.54; 21.05﻿ (Petipa),12,2012,Male,choreographer,France ,Marius Petipa,Marius Petipa,Europe
Petronius,86°04′N 40°31′W﻿ / ﻿86.06°N 40.51°W﻿ / 86.06; -40.51﻿ (Petronius),36,2012,Male,author,Italy,Petronius,Petronius,Europe
Popova,34°43′S 66°44′W﻿ / ﻿34.72°S 66.73°W﻿ / -34.72; -66.73﻿ (Popova),34,2012,Female,painter,Russia ,Lyubov Popova,Lyubov Popova,Europe/Asia
Prokofiev,85°46′N 62°55′E﻿ / ﻿85.77°N 62.92°E﻿ / 85.77; 62.92﻿ (Prokofiev),112,2012,Male,composer,Russia ,Sergei Prokofiev,Sergei Prokofiev,Europe/Asia
Qiu Ying,82°40′N 85°42′W﻿ / ﻿82.67°N 85.7°W﻿ / 82.67; -85.7﻿ (Qiu Ying),20,2012,Male,painter,China,Qiu Ying,Qiu Ying,Asia
Rustaveli,52°25′N 82°44′E﻿ / ﻿52.41°N 82.74°E﻿ / 52.41; 82.74﻿ (Rustaveli),200,2012,Male,poet,Georgia,Shota Rustaveli,Shota Rustaveli,Europe/Asia
Seuss,7°39′N 33°10′E﻿ / ﻿7.65°N 33.16°E﻿ / 7.65; 33.16﻿ (Seuss),64,2012,Male,author,United States ,Theodor Seuss Geisel,Theodor Seuss Geisel,North America
Sousa,46°41′N 0°38′E﻿ / ﻿46.69°N 0.63°E﻿ / 46.69; 0.63﻿ (Sousa),138,2012,Male,composer,United States ,John Philip Sousa,John Philip Sousa,North America
Stevenson,2°03′N 143°53′W﻿ / ﻿2.05°N 143.88°W﻿ / 2.05; -143.88﻿ (Stevenson),134,2012,Male,author,Scotland ,Robert Louis Stevenson,Robert Louis Stevenson,Europe
Stieglitz,72°32′N 67°38′E﻿ / ﻿72.54°N 67.63°E﻿ / 72.54; 67.63﻿ (Stieglitz),100,2012,Male,photographer,United States ,Alfred Stieglitz,Alfred Stieglitz,North America
Tolkien,88°49′N 148°55′E﻿ / ﻿88.82°N 148.92°E﻿ / 88.82; 148.92﻿ (Tolkien),50,2012,Male,writer,England ,J. R. R. Tolkien,J. R. R. Tolkien,Europe
Tryggvadóttir,89°33′N 171°34′W﻿ / ﻿89.55°N 171.56°W﻿ / 89.55; -171.56﻿ (Tryggvadóttir),31,2012,Female,artist,Iceland ,Nína Tryggvadóttir,Nína Tryggvadóttir,Europe
Warhol,2°33′S 6°16′W﻿ / ﻿2.55°S 6.27°W﻿ / -2.55; -6.27﻿ (Warhol),91,2012,Male,artist,United States,Andy Warhol,Andy Warhol,North America
Waters,8°58′S 105°27′W﻿ / ﻿8.96°S 105.45°W﻿ / -8.96; -105.45﻿ (Waters),15,2012,Male,musician,United States,Muddy Waters,Muddy Waters,North America
Yoshikawa,81°13′N 106°02′E﻿ / ﻿81.21°N 106.03°E﻿ / 81.21; 106.03﻿ (Yoshikawa),30,2012,Male,novelist,Japan ,Eiji Yoshikawa,Eiji Yoshikawa,Asia
Alver,66°58′S 77°15′E﻿ / ﻿66.97°S 77.25°E﻿ / -66.97; 77.25﻿ (Alver),151,2013,Female,poet,Estonia ,Betti Alver,Betti Alver,Europe
Barney,11°41′S 59°43′E﻿ / ﻿11.69°S 59.71°E﻿ / -11.69; 59.71﻿ (Barney),29,2013,Female,playwright,United States ,Natalie Clifford Barney,Natalie Clifford Barney,North America
Bechet,83°05′N 93°40′W﻿ / ﻿83.08°N 93.66°W﻿ / 83.08; -93.66﻿ (Bechet),17.6,2013,Male,musician,United States ,Sidney Bechet,Sidney Bechet,North America
Berlioz,79°20′N 38°50′E﻿ / ﻿79.33°N 38.83°E﻿ / 79.33; 38.83﻿ (Berlioz),31.44,2013,Male,composer,France ,Hector Berlioz,Hector Berlioz,Europe
Calder,3°31′N 12°45′E﻿ / ﻿3.51°N 12.75°E﻿ / 3.51; 12.75﻿ (Calder),24,2013,Male,sculptor,United States ,Alexander Calder,Alexander Calder,North America
Capote,21°06′S 72°25′E﻿ / ﻿21.1°S 72.41°E﻿ / -21.1; 72.41﻿ (Capote),88,2013,Male,author,United States,Truman Capote,Truman Capote,North America
Caravaggio,3°11′N 87°14′E﻿ / ﻿3.18°N 87.24°E﻿ / 3.18; 87.24﻿ (Caravaggio),185,2013,Male,painter,Italy,Michelangelo Merisi Caravaggio,Michelangelo Merisi Caravaggio,Europe
Caruso,2°20′S 76°22′W﻿ / ﻿2.33°S 76.36°W﻿ / -2.33; -76.36﻿ (Caruso),31,2013,Male,singer,Italy ,Enrico Caruso,Enrico Caruso,Europe
Damer,36°22′N 115°49′W﻿ / ﻿36.36°N 115.81°W﻿ / 36.36; -115.81﻿ (Damer),60,2013,Female,sculptor,England,Anne Seymour Damer,Anne Seymour Damer,Europe
David,17°40′S 67°52′E﻿ / ﻿17.66°S 67.87°E﻿ / -17.66; 67.87﻿ (David),23,2013,Male,painter,France ,Jacques-Louis David,Jacques-Louis David,Europe
Donelaitis,52°58′S 38°25′E﻿ / ﻿52.96°S 38.42°E﻿ / -52.96; 38.42﻿ (Donelaitis),85,2013,Male,poet,Lithuania ,Kristijonas Donelaitis,Kristijonas Donelaitis,Europe
Duccio,58°14′N 52°25′W﻿ / ﻿58.23°N 52.42°W﻿ / 58.23; -52.42﻿ (Duccio),132,2013,Male,painter,Italy ,Duccio di Buoninsegna,Duccio di Buoninsegna,Europe
Ensor,82°19′N 17°32′W﻿ / ﻿82.32°N 17.53°W﻿ / 82.32; -17.53﻿ (Ensor),24.92,2013,Male,painter,Belgium ,James Ensor,James Ensor,Europe
Erté,27°26′N 117°20′W﻿ / ﻿27.44°N 117.33°W﻿ / 27.44; -117.33﻿ (Erté),48.5,2013,Male,artist,France ,Erté,Erté,Europe
Flaiano,21°17′S 76°44′W﻿ / ﻿21.29°S 76.73°W﻿ / -21.29; -76.73﻿ (Flaiano),43,2013,Male,author,Italy ,Ennio Flaiano,Ennio Flaiano,Europe
Fuller,82°38′N 42°39′W﻿ / ﻿82.63°N 42.65°W﻿ / 82.63; -42.65﻿ (Fuller),26.97,2013,Male,engineer,United States ,Richard Buckminster Fuller,Richard Buckminster Fuller,North America
Giambologna,42°35′S 124°07′W﻿ / ﻿42.58°S 124.11°W﻿ / -42.58; -124.11﻿ (Giambologna),69,2013,Male,sculptor,The Netherlands,Giambologna,Giambologna,Europe
Hurley,87°22′S 6°59′W﻿ / ﻿87.36°S 6.99°W﻿ / -87.36; -6.99﻿ (Hurley),67,2013,Male,photographer,Australia ,Frank Hurley,Frank Hurley,Australia
Larrocha,43°17′N 69°50′W﻿ / ﻿43.29°N 69.83°W﻿ / 43.29; -69.83﻿ (Larrocha),196,2013,Female,pianist,Spain ,Alicia de Larrocha,Alicia de Larrocha,Europe
Laxness,83°16′N 50°02′W﻿ / ﻿83.27°N 50.04°W﻿ / 83.27; -50.04﻿ (Laxness),25.89,2013,Male,writer,Iceland ,Halldór Laxness,Halldór Laxness,Europe
L'Engle,86°38′S 69°37′E﻿ / ﻿86.63°S 69.62°E﻿ / -86.63; 69.62﻿ (L'Engle),62,2013,Female,author,United States ,Madeleine L'Engle,Madeleine L'Engle,North America
Lennon,36°25′S 41°11′E﻿ / ﻿36.41°S 41.18°E﻿ / -36.41; 41.18﻿ (Lennon),95,2013,Male,musician,England,John Lennon,John Lennon,Europe
Lovecraft,86°14′S 73°49′W﻿ / ﻿86.24°S 73.82°W﻿ / -86.24; -73.82﻿ (Lovecraft),51.97,2013,Male,author,United States ,H. P. Lovecraft,H. P. Lovecraft,North America
Monk,66°05′N 63°49′E﻿ / ﻿66.08°N 63.81°E﻿ / 66.08; 63.81﻿ (Monk),12,2013,Male,musician,United States ,Thelonious Monk,Thelonious Monk,North America
Pahinui,28°10′S 213°13′W﻿ / ﻿28.16°S 213.21°W﻿ / -28.16; -213.21﻿ (Pahinui),54,2013,Male,guitarist,United States,Gabby Pahinui,Gabby Pahinui,North America
Petőfi,83°33′S 119°21′E﻿ / ﻿83.55°S 119.35°E﻿ / -83.55; 119.35﻿ (Petőfi),61,2013,Male,poet,Hungary,Sándor Petőfi,Sándor Petőfi,Europe
Remarque,84°56′N 6°28′W﻿ / ﻿84.94°N 6.46°W﻿ / 84.94; -6.46﻿ (Remarque),25.9,2013,Male,author,Germany ,Erich Maria Remarque,Erich Maria Remarque,Europe
Rikyū,79°55′N 22°44′W﻿ / ﻿79.91°N 22.74°W﻿ / 79.91; -22.74﻿ (Rikyū),22.4,2013,Male,tea master,Japan ,Sen no Rikyū,Sen no Rikyū,Asia
Roerich,84°23′S 58°56′W﻿ / ﻿84.39°S 58.94°W﻿ / -84.39; -58.94﻿ (Roerich),111.67,2013,Male,painter,Russia ,Nicholas Roerich,Nicholas Roerich,Europe/Asia
Ruysch,10°42′S 94°07′E﻿ / ﻿10.7°S 94.12°E﻿ / -10.7; 94.12﻿ (Ruysch),64,2013,Female,painter,The Netherlands,Rachel Ruysch,Rachel Ruysch,Europe
Savage,8°35′S 93°25′E﻿ / ﻿8.59°S 93.41°E﻿ / -8.59; 93.41﻿ (Savage),93,2013,Female,sculptor,United States ,Augusta Savage,Augusta Savage,North America
Varma,80°02′N 18°58′W﻿ / ﻿80.04°N 18.97°W﻿ / 80.04; -18.97﻿ (Varma),30,2013,Male,painter,India ,Raja Ravi Varma,Raja Ravi Varma,Asia
Vieira da Silva,1°32′N 123°25′W﻿ / ﻿1.54°N 123.41°W﻿ / 1.54; -123.41﻿ (Vieira da Silva),274,2013,Female,painter,France ,Maria Helena Vieira da Silva,Maria Helena Vieira da Silva,Europe
Aneirin,27°28′S 2°41′W﻿ / ﻿27.47°S 2.68°W﻿ / -27.47; -2.68﻿ (Aneirin),467,2014,Male,poet,Wales ,Aneirin,Aneirin,Europe
Hafiz,19°30′N 79°34′E﻿ / ﻿19.5°N 79.56°E﻿ / 19.5; 79.56﻿ (Hafiz),280,2014,Male,poet,Iran,Hafiz of Shiraz,Hafiz of Shiraz,Asia
Kuniyoshi,57°52′S 37°29′W﻿ / ﻿57.87°S 37.49°W﻿ / -57.87; -37.49﻿ (Kuniyoshi),27,2014,Male,painter,Japan ,Utagawa Kuniyoshi,Utagawa Kuniyoshi,Asia
Sanai,13°22′S 6°59′W﻿ / ﻿13.37°S 6.99°W﻿ / -13.37; -6.99﻿ (Sanai),490,2014,Male,poet,Iran,Sanai,Sanai,Asia
Akutagawa,48°15′N 141°05′W﻿ / ﻿48.25°N 141.09°W﻿ / 48.25; -141.09﻿ (Akutagawa),106,2015,Male,writer,Japan ,Ryūnosuke Akutagawa,Ryūnosuke Akutagawa,Asia
Bagryana,3°53′S 283°44′W﻿ / ﻿3.89°S 283.73°W﻿ / -3.89; -283.73﻿ (Bagryana),101,2015,Female,poet,Bulgaria ,Elisaveta Bagryana,Elisaveta Bagryana,Europe
Baranauskas,50°44′N 39°46′W﻿ / ﻿50.73°N 39.76°W﻿ / 50.73; -39.76﻿ (Baranauskas),36,2015,Male,poet,Lithuania ,Antanas Baranauskas,Antanas Baranauskas,Europe
Boznańska,59°38′N 40°45′W﻿ / ﻿59.64°N 40.75°W﻿ / 59.64; -40.75﻿ (Boznańska),72,2015,Female,painter,Poland ,Olga Boznańska,Olga Boznańska,Europe
Brooks,45°13′S 168°01′W﻿ / ﻿45.22°S 168.02°W﻿ / -45.22; -168.02﻿ (Brooks),34,2015,Female,poet,United States,Gwendolyn Brooks,Gwendolyn Brooks,North America
Burke,85°55′N 171°34′W﻿ / ﻿85.91°N 171.56°W﻿ / 85.91; -171.56﻿ (Burke),28.5,2015,Female,actress,United States,Billie Burke,Billie Burke,North America
Carolan,83°53′N 31°46′E﻿ / ﻿83.88°N 31.77°E﻿ / 83.88; 31.77﻿ (Carolan),24.34,2015,Male,composer,Ireland ,Turlough Carolan,Turlough Carolan,Europe
Castiglione,40°52′S 87°58′E﻿ / ﻿40.87°S 87.96°E﻿ / -40.87; 87.96﻿ (Castiglione),80,2015,Male,painter,Italy,Giuseppe Castiglione,Giuseppe Castiglione,Europe
Driscoll,30°35′N 33°35′W﻿ / ﻿30.58°N 33.58°W﻿ / 30.58; -33.58﻿ (Driscoll),30,2015,Female,artist,United States ,Clara Driscoll,Clara Driscoll,North America
Du Fu,25°00′N 93°40′W﻿ / ﻿25°N 93.66°W﻿ / 25; -93.66﻿ (Du Fu),33,2015,Male,artist,China,Du Fu,Du Fu,Asia
Enheduanna,48°20′N 33°35′W﻿ / ﻿48.34°N 33.59°W﻿ / 48.34; -33.59﻿ (Enheduanna),105,2015,Female,poet,Iraq,Enheduanna,Enheduanna,Asia
Jobim,32°27′N 66°53′W﻿ / ﻿32.45°N 66.88°W﻿ / 32.45; -66.88﻿ (Jobim),167,2015,Male,composer,Brazil ,Antônio Carlos Jobim,Antônio Carlos Jobim,South America
Karsh,35°29′S 78°51′E﻿ / ﻿35.49°S 78.85°E﻿ / -35.49; 78.85﻿ (Karsh),58,2015,Male,photographer,Canada ,Yousuf Karsh,Yousuf Karsh,North America
Kerouac,25°13′N 129°06′E﻿ / ﻿25.21°N 129.1°E﻿ / 25.21; 129.1﻿ (Kerouac),110,2015,Male,writer,United States ,Jack Kerouac,Jack Kerouac,North America
Kulthum,50°43′N 93°32′E﻿ / ﻿50.72°N 93.53°E﻿ / 50.72; 93.53﻿ (Kulthum),31,2015,Female,singer,Egypt ,Umm Kulthum,Umm Kulthum,Africa
Namatjira,58°49′N 33°02′W﻿ / ﻿58.82°N 33.04°W﻿ / 58.82; -33.04﻿ (Namatjira),34,2015,Male,artist,Australia ,Albert Namatjira,Albert Namatjira,Australia
Plath,37°52′N 38°50′W﻿ / ﻿37.86°N 38.84°W﻿ / 37.86; -38.84﻿ (Plath),35,2015,Female,poet,United States ,Sylvia Plath,Sylvia Plath,North America
Rivera,69°17′N 32°11′E﻿ / ﻿69.29°N 32.18°E﻿ / 69.29; 32.18﻿ (Rivera),40,2015,Male,painter,Mexico ,Diego Rivera,Diego Rivera,North America
Sapkota,86°05′N 132°47′W﻿ / ﻿86.09°N 132.79°W﻿ / 86.09; -132.79﻿ (Sapkota),27.4,2015,Male,poet,Nepal ,Mahananda Sapkota,Mahananda Sapkota,Asia
Villa-Lobos,5°16′N 6°47′E﻿ / ﻿5.27°N 6.79°E﻿ / 5.27; 6.79﻿ (Villa-Lobos),67,2015,Male,composer,Brazil ,Heitor Villa-Lobos,Heitor Villa-Lobos,South America
Yamada,82°32′N 136°10′E﻿ / ﻿82.54°N 136.16°E﻿ / 82.54; 136.16﻿ (Yamada),17.1,2015,Male,composer,Japan ,Kosaku Yamada,Kosaku Yamada,Asia
Anguissola,80°41′N 217°21′W﻿ / ﻿80.69°N 217.35°W﻿ / 80.69; -217.35﻿ (Anguissola),35,2017,Female,painter,Italy ,Sofonisba Anguissola,Sofonisba Anguissola,Europe
Anyte,79°30′N 210°40′W﻿ / ﻿79.5°N 210.67°W﻿ / 79.5; -210.67﻿ (Anyte),20,2017,Female,poet,Greek ,Anyte of Tegea,Anyte of Tegea,Europe
Heaney,33°46′S 237°43′W﻿ / ﻿33.77°S 237.71°W﻿ / -33.77; -237.71﻿ (Heaney),125,2017,Male,poet,Ireland ,Seamus Heaney,Seamus Heaney,Europe
Vonnegut,82°43′N 249°55′W﻿ / ﻿82.72°N 249.91°W﻿ / 82.72; -249.91﻿ (Vlaminck),26.61,2017,Male,writer,United States,Kurt Vonnegut,Kurt Vonnegut,North America
Canova,25°36′N 3°43′W﻿ / ﻿25.6°N 3.71°W﻿ / 25.6; -3.71﻿ (Canova),46,2018,Male,sculptor,Italy,Antonio Canova,Antonio Canova,Europe
Carleton,52°12′S 306°36′W﻿ / ﻿52.2°S 306.6°W﻿ / -52.2; -306.6﻿ (Carleton),177,2018,Male,writer,Ireland ,William Carleton,William Carleton,Europe
Travers,28°00′S 329°06′W﻿ / ﻿28.0°S 329.1°W﻿ / -28.0; -329.1﻿ (Tolstoj),164,2018,Female,writer,British Empire ,Pamela Lyndon Travers,Pamela Lyndon Travers,Multiple Continents
Angelou,80°19′N 66°43′W﻿ / ﻿80.32°N 66.71°W﻿ / 80.32; -66.71﻿ (Angelou),18,2019,Female,author,United States ,Maya Angelou,Maya Angelou,North America
Bellini,33°46′S 272°50′W﻿ / ﻿33.77°S 272.83°W﻿ / -33.77; -272.83﻿ (Bellini),45,2019,Male,painter,Italy ,Giovanni Bellini,Giovanni Bellini,Europe
Bunin,84°28′N 141°46′W﻿ / ﻿84.47°N 141.76°W﻿ / 84.47; -141.76﻿ (Bunin),37,2019,Male,author,Russia ,Ivan Bunin,Ivan Bunin,Europe/Asia
Gordimer,87°44′N 170°54′W﻿ / ﻿87.73°N 170.9°W﻿ / 87.73; -170.9﻿ (Gogol),58,2019,Female,writer,South Africa ,Nadine Gordimer,Nadine Gordimer,Africa
Jiménez,81°50′N 152°19′W﻿ / ﻿81.83°N 152.31°W﻿ / 81.83; -152.31﻿ (Jiménez),27,2019,Male,poet,Spain ,Juan Ramón Jiménez,Juan Ramón Jiménez,Europe
Josetsu,83°35′N 134°56′W﻿ / ﻿83.58°N 134.93°W﻿ / 83.58; -134.93﻿ (Josetsu),30,2019,Male,painter,Japan ,Taikō Josetsu,Taikō Josetsu,Asia
Kirby,82°58′N 151°19′W﻿ / ﻿82.96°N 151.32°W﻿ / 82.96; -151.32﻿ (Kipling),31,2019,Male,illustrator,United States,Jack Kirby,Jack Kirby,North America
Martins,8°00′S 304°56′W﻿ / ﻿8°S 304.93°W﻿ / -8; -304.93﻿ (Martí),12.4,2019,Female,sculptor,Brazil ,Maria Martins,Maria Martins,South America
Rizal,82°29′N 146°59′W﻿ / ﻿82.48°N 146.98°W﻿ / 82.48; -146.98﻿ (Rivera),64,2019,Male,writer,Philippines,José Rizal,José Rizal,Asia
Strauss,70°25′N 285°32′E﻿ / ﻿70.42°N 285.53°E﻿ / 70.42; 285.53﻿ (Stieglitz),17,2019,Mixed,musician,Austria ,Strauss family of musicians,Strauss family of musicians,Europe
Berry,70°34′N 247°16′W﻿ / ﻿70.57°N 247.27°W﻿ / 70.57; -247.27﻿ (Berry),25,2020,Male,singer,United States ,Chuck Berry,Chuck Berry,North America
Vazov,65°24′S 212°20′W﻿ / ﻿65.4°S 212.33°W﻿ / -65.4; -212.33﻿ (Vazov),33,2020,Male,poet,Bulgaria,Ivan Vazov,Ivan Vazov,Europe
Wen Tianxiang,45°20′S 191°36′W﻿ / ﻿45.34°S 191.6°W﻿ / -45.34; -191.6﻿ (Wagner),166.42,2020,Male,poet,China ,Wen Tianxiang,Wen Tianxiang,Asia
Veronese,5°18′N 55°57′W﻿ / ﻿5.3°N 55.95°W﻿ / 5.3; -55.95﻿ (Veronese),45,2021,Male,painter,Italy ,Paolo Veronese,Paolo Veronese,Europe
Lorde,69°07′S 49°28′W﻿ / ﻿69.12°S 49.47°W﻿ / -69.12; -49.47﻿ (Lorde),45,2022,Female,writer,United States,Audre Lorde,Audre Lorde,North America
MacNicol,68°11′S 355°57′W﻿ / ﻿68.19°S 355.95°W﻿ / -68.19; -355.95﻿ (MacNicol),42,2022,Female,painter,Scotland ,Bessie MacNicol,Bessie MacNicol,Europe
Morrison,79°40′N 232°34′E﻿ / ﻿79.66°N 232.57°E﻿ / 79.66; 232.57﻿ (Moody),35,2022,Female,author,United States,Toni Morrison; American author,Toni Morrison,North America
Nairne,70°20′S 1°35′E﻿ / ﻿70.34°S 1.59°E﻿ / -70.34; 1.59﻿ (Nairne),56,2022,Female,songwriter,Scotland ,Carolina Nairne,Carolina Nairne,Europe
Asawa,27°16′N 315°17′W﻿ / ﻿27.26°N 315.28°W﻿ / 27.26; -315.28﻿ (Asawa),130,2024,Female,sculptor,United States ,Ruth Aiko Asawa,Ruth Aiko Asawa,North America
Bilokur,0°47′S 108°20′W﻿ / ﻿0.79°S 108.33°W﻿ / -0.79; -108.33﻿ (Bilokur),67,2024,Female,painter,Ukraine ,Kateryna Bilokur,Kateryna Bilokur,Europe
Codesido,68°11′S 206°59′W﻿ / ﻿68.19°S 206.99°W﻿ / -68.19; -206.99﻿ (Codesido),64,2024,Female,painter,Peru ,Julia Codesido,Julia Codesido,South America
El Husseini,75°20′S 333°20′W﻿ / ﻿75.34°S 333.34°W﻿ / -75.34; -333.34﻿ (El Husseini),87,2024,Female,painter,Palestine ,Jumana El Husseini,Jumana El Husseini,Asia
Freire,73°22′S 214°28′W﻿ / ﻿73.36°S 214.46°W﻿ / -73.36; -214.46﻿ (Freire),51,2024,Female,painter,Uruguay ,María Freire,María Freire,South America
Halim,48°52′N 100°56′W﻿ / ﻿48.87°N 100.94°W﻿ / 48.87; -100.94﻿ (Halim),44,2024,Female,painter,Egypt,Tahia Halim,Tahia Halim,Africa
Le Guin,18°46′S 102°44′W﻿ / ﻿18.76°S 102.74°W﻿ / -18.76; -102.74﻿ (Le Guin),61,2024,Female,author,United States,Ursula K. Le Guin,Ursula K. Le Guin,North America
Wu Shujuan,70°48′S 346°44′W﻿ / ﻿70.8°S 346.73°W﻿ / -70.8; -346.73﻿ (Wu Shujuan),109,2024,Female,painter,China ,Wu Shujuan,Wu Shujuan,Asia
Carvalho,26°49′N 51°37′W﻿ / ﻿26.82°N 51.61°W﻿ / 26.82; -51.61﻿ (Carvalho),90,,Female,musician,Brazil ,Beth Carvalho,Beth Carvalho,South America